Id,医生职称,医生科室,医生所在城市,医生有无简介,医生在线活动量,医生个人网站总访问量,总文章数,总患者数,患者投票数,感谢信数,心意礼物数,医生欢迎词,IST
35,主治医师,儿童心理科,北京,0,0,781,0,0,0,0,0,,0
77,住院医师 助教,儿科,南京,1,240,"8,750",0,8,5,2,0,,0.000914286
85,副主任医师,儿童保健中心,淄博,1,260,"13,454",0,4,0,0,0,,0.000297309
90,副主任医师,儿童保健科,郑州,1,200,"14,364",0,0,2,0,0,,0
125,副主任医师,儿科,上海,1,0,"24,283",1,1,3,0,0,,4.12E-05
151,主任医师 教授,小儿外科,西安,1,0,"12,687",1,1,13,3,1,,7.88E-05
153,副主任医师,小儿心脏外科,北京,1,3180,"125,151",3,213,10,7,56,治病救人，医者仁心                        阜外心血管病医院是我国最大的心血管病诊治中心，外科年手术例数超过1万例。作为国家心脏中心，在中国心血管疾病的预防、治疗、科研和教学工作中发挥核心作用。    我院小儿外科中心是国内最大的先心病外科中心，年手术量3000例左右。各种先心病手...术成功率高。    希望在网上平台为更多患儿提供帮助！                                        展开 >>                 收起 <<,0.001701944
218,副主任医师,儿科,湖州,1,0,"7,221",0,0,1,0,0,,0
233,副主任医师,小儿心外科,上海,1,0,"30,693",0,12,16,1,0,,0.000390969
236,副主任医师 副教授,儿科,东营,0,0,"14,225",0,0,3,1,0,,0
237,副主任医师,儿科,忻州,0,0,"14,414",0,2,0,0,0,,0.000138754
275,副主任医师 副教授,小儿外科,广州,1,0,"54,751",0,27,12,1,0,,0.000493142
280,副主任医师 副教授,新生儿科,长春,1,0,"9,412",0,0,3,0,1,,0
287,主任医师 副教授,儿科,深圳,0,260,"7,592",3,36,0,0,0,欢迎进入我的个人网站！                        为了孩子，我们一起努力！,0.004741834
294,副主任医师,儿科,天津,1,1155,"174,793",11,101,12,2,0,关注脑瘫患儿，托起明天的太阳！                        脑性瘫痪过去曾被认为是“不治之症”，由于康复医学的发展给脑性瘫痪患儿的治疗带来了希望。但脑性瘫痪的治疗不适一种方法、一朝一夕的短期治疗就能解决的问题，而是一个需要发出人力、物力及长时间的综合治疗过程。不仅需要医生与家长的配合，而且需要全社会...的支持。宣传、普及脑性瘫痪的防治知识显得格外重要。        脑性瘫痪的病因是多方面的，但新生儿窒息、早产与核黄疸在我国许多地区目前仍是脑性瘫痪的主要致病原因。作为一个儿科医生，多年,0.000577826
304,主任医师,中医儿科,青岛,1,400,"111,728",4,15,4,0,0,欢迎词                        内病外治，舒心一贴，回归自然。,0.000134255
345,主治医师,小儿脑瘫康复治疗中心,郑州,0,655,"31,743",3,70,3,3,0,,0.002205211
359,住院医师,小儿外科,西安,0,0,"2,022",0,1,1,0,0,,0.00049456
383,主任医师,儿科,杭州,1,580,"62,981",0,29,2,0,3,,0.000460456
386,住院医师,小儿泌尿外科,上海,0,290,"13,872",0,7,1,0,0,,0.000504614
411,副主任医师,小儿外科,四平,0,220,"9,977",0,2,0,0,1,,0.000200461
424,副主任医师,儿科,成都,1,260,"12,861",0,4,0,0,0,,0.000311018
447,住院医师,儿科,莱芜,0,0,"2,663",0,0,1,0,0,,0
491,主治医师,儿科,济南,0,5,"3,410",0,1,0,0,0,,0.000293255
559,副主任医师,儿童保健科,长沙,1,200,"6,475",0,0,0,0,0,,0
681,副主任医师,儿科,北京,1,0,"65,897",0,21,10,2,1,,0.000318679
694,副主任医师,小儿外科,淄博,1,0,255,0,0,8,0,0,,0
759,主任医师 教授,小儿血液内科,北京,1,880,"73,721",1,38,7,3,4,我的愿望                        愿所有的患儿得到最好的治疗！,0.000515457
765,副主任医师,新生儿内科,深圳,0,0,"1,372",0,0,1,0,0,,0
808,副主任医师,新生儿科,上海,1,0,689,0,0,0,0,0,,0
811,主治医师,小儿外科,安阳,1,540,"22,584",0,20,1,0,3,,0.000885583
827,副主任医师,儿科,西安,1,610,"73,391",0,43,13,0,1,欢迎词                        +有问题尽量到门诊就诊 看到孩子结合临床及必要的检验才能做出较明确的诊断及准确的治疗 尤其是小儿腹泻原因不同 治疗方法也不同 谢谢理解！,0.000585903
857,主任医师,儿科,泰州,1,0,"26,118",0,3,1,1,0,,0.000114863
861,主治医师,小儿外科,西安,0,210,"9,152",0,2,4,1,0,,0.000218531
910,副主任医师 副教授,儿科,上海,1,370,"51,514",6,18,3,0,0,,0.00034942
937,主治医师,内儿科,廊坊,0,0,299,0,0,0,0,0,,0
948,住院医师,儿科,郑州,0,280,"22,793",1,4,3,1,0,,0.000175492
951,住院医师,小儿外科,重庆,0,0,"1,635",0,0,0,0,0,,0
960,住院医师,小儿急诊科,佛山,0,65,"12,878",0,11,1,0,0,,0.00085417
983,副主任医师,儿科,广州,1,35,"7,095",0,5,1,0,0,,0.000704722
999,副主任医师,小儿科,济宁,1,630,"64,074",0,51,6,1,3,,0.000795955
1013,主治医师 讲师,小儿外科,武汉,1,430,"21,104",0,63,0,0,0,,0.002985216
1026,副主任医师,新生儿科,沧州,0,0,740,0,0,0,0,0,,0
1037,主任医师 教授,心儿科,广州,1,240,"21,541",0,22,3,0,0,,0.001021308
1049,副主任医师,儿科,宜昌,1,200,"6,712",0,0,1,0,0,,0
1064,副主任医师,小儿外科,沈阳,1,10,"4,257",0,2,3,0,0,,0.000469814
1086,主治医师 讲师,小儿眼科,济南,1,3164,"253,803",0,379,1,0,0,,0.001493284
1106,主治医师,小儿骨科,成都,0,200,"3,240",0,0,1,0,1,,0
1110,副主任医师,儿内科,福州,1,460,"18,442",5,67,1,0,2,欢迎词                        希望能帮助到更多孩子解决生长发育的问题，成就孩子梦想的高度。,0.003633012
1126,主任医师 教授,儿保科,大同,1,275,"17,633",2,13,0,0,0,矮小门诊开诊通知                        我科现已开设矮小门诊，如果您对孩子的身高不满意或在儿童生长发育方面有疑问，可前来咨询。门诊时间为周三周六的上午，为确保您的就诊效率，咨询就诊前须知！,0.000737254
1191,住院医师,小儿骨科,合肥,0,0,"15,184",0,1,1,0,0,,6.59E-05
1215,住院医师,儿科,深圳,0,0,"3,462",0,0,0,0,0,,0
1280,主治医师,儿童普外科,成都,1,210,"7,216",0,2,2,0,0,,0.000277162
1297,主任医师,小儿科,天津,1,30,"4,129",0,5,2,0,0,欢迎词                        现在春天，春暖花开，是呼吸道过敏性疾病高发季节，许多过敏体质的小孩，会出现鼻痒、鼻塞、经常流涕，还有出现咳嗽或咳喘，最好发病早期带您的宝宝到医院诊治。平日要保持室内空气流通，不要到人群密集的场所。      我们在西医治疗的同时采用中药穴...位贴敷治疗气管炎、支气管炎，哮喘，咳嗽变异性哮喘、过敏性鼻炎，慢性咽炎，反复呼吸道感染等多种呼吸系统疾病。取得了较好的疗效。                                        展开 >,0.001210947
1307,住院医师,儿科,鹤岗,0,200,"6,593",0,0,0,0,0,,0
1332,住院医师,小儿外科,咸阳,0,35,"1,502",0,4,0,0,0,,0.002663116
1380,副主任医师,斜视弱视与小儿眼科,天津,1,4050,"260,419",2,570,15,8,0,,0.00218878
1400,副主任医师 副教授,儿外科,九江,1,5750,"375,242",14,582,5,0,8,,0.001550999
1409,住院医师 助教,儿童口腔科,重庆,1,481,"62,269",9,22,0,0,1,,0.000353306
1424,主任医师,儿科,杭州,1,15,"21,869",0,5,4,1,1,,0.000228634
1445,主任医师,口腔儿童预防科,上海,1,295,"140,927",3,68,46,13,1,"关爱孩子牙齿健康                        ""热心、耐心、爱心、细心”是我的追求，您孩子“健康的牙齿，甜美的微笑”是对我最大的褒奖。",0.000482519
1474,住院医师 讲师,儿科,景德镇,0,0,"26,251",0,3,1,0,0,关注儿童健康，关注祖国未来                        感谢各位同道的支持及病友的关注，祝愿全天下小朋友健健康康，快快乐乐的成长！zouyongzhoulove@163.com,0.000114281
1478,主任医师,新生儿科,临夏,1,200,"13,726",1,0,2,2,1,,0
1484,副主任医师 副教授,儿科,郑州,0,0,632,0,0,0,0,0,,0
1499,住院医师,儿科,郑州,1,0,131,0,0,0,0,0,,0
1500,主任医师,小儿骨科,宁波,1,260,"26,125",0,6,2,0,0,,0.000229665
1508,副主任医师,心儿科,广州,1,22722,"614,829",5,1152,33,17,162,儿童心脏病的交流平台                        欢迎儿童心脏病患者的咨询，希望通过好大夫的在线平台，提供心脏病诊治的相关信息。1、对于已经找我面诊过得患者（尤其是外地患者），不方便复诊或病情发生变化时，可直接申请电话咨询与我一对一进行深度咨询;2、没有就诊过的患者，可以通过在线咨询的...方式向我咨询有关先心病的相关问题，由于医院工作繁忙，可能不能及时给您回复，请理解。如果希望尽快与我沟通，可以申请电话咨询服务，我将尽量当天与您通话;3、 如果您想找我当面就诊，可直接通过预约转诊进行申,0.001873692
1511,主治医师,儿科,太原,1,270,"12,069",0,5,1,0,0,,0.000414285
1538,主任医师,儿科,北京,1,0,"21,513",0,3,3,0,1,,0.000139451
1546,住院医师,儿科,赣州,1,340,"34,518",3,11,1,0,0,,0.000318674
1569,住院医师,儿保科,唐山,0,0,"3,366",0,0,0,0,0,,0
1602,副主任医师 副教授,儿内科,开封,1,2085,"223,819",0,288,1,0,0,,0.001286754
1618,主任医师 教授,儿内科,泰安,1,0,"1,631",0,1,4,0,0,,0.000613121
1623,主任医师,小儿心内科,湖州,1,200,"5,884",0,0,1,0,0,欢迎词                        欢迎来到我的网站！希望能为你提供一些帮助！,0
1630,主治医师,小儿心脏外科,北京,0,380,"25,691",0,16,3,0,3,欢迎广大患友咨询有关心脏外科冠心病、风湿性瓣膜病、...                        可咨询有关心脏外科小儿先天性心脏病问题 手术及术后复查,0.000622786
1631,副主任医师,儿科,广州,1,0,"1,651",0,0,0,0,0,,0
1657,副主任医师 副教授,儿科,东莞,1,0,"1,693",0,0,0,0,0,,0
1699,副主任医师,儿科,济宁,0,260,"18,975",2,10,0,0,0,,0.000527009
1710,主治医师,儿童牙科,合肥,1,3901,"317,749",12,321,1,1,0,,0.001010231
1713,副主任医师,小儿神经内科,上海,1,0,"31,412",0,51,4,1,0,,0.001623583
1748,副主任医师,小儿心外科,北京,1,7310,"170,553",17,410,62,44,55,欢迎词                        您的孩子就是我们的孩子，我们的目标是共同努力，为孩子驱走病魔，还孩子一颗健康的心脏，让孩子的世界充满阳光和欢乐！欢迎您来对孩子的病情向我咨询，我会针对孩子的病情，在12小时内给予回复，个别情况下会在24小时内给予回复，1860037291...4.希望我们的共同努力，尽可能减轻孩子们看病难的问题。咨询时请说明孩子的年龄、体重、详细症状及超声、胸片资料等，以便对孩子的病情作出及时准确的评估。我们为家庭贫困的孩子准备了爱佑基金。该基金是爱佑基金会与我们医院,0.002403945
1755,主治医师,小儿泌尿外科,上海,0,645,"25,221",4,88,9,1,1,,0.003489156
1772,副主任医师,小儿外科,安阳,1,15,"2,259",0,3,0,0,0,,0.001328021
1791,住院医师,小儿外科,安阳,0,0,"1,551",0,0,0,0,0,,0
1815,住院医师,小儿内科,上海,0,0,"3,150",0,0,0,0,0,,0
1824,副主任医师,儿科,盐城,0,0,"11,394",0,0,1,0,0,,0
1830,住院医师,儿科,青岛,0,85,"1,775",0,14,0,0,0,,0.007887324
1836,住院医师,小儿骨科,西安,1,300,"12,726",0,9,0,0,1,,0.000707214
1865,主治医师 讲师,儿内科,长春,1,220,"139,936",8,21,5,0,1,心声！                        作为医生我愿意治病救人，作为同事我愿意和你们学习探讨医学相关知识。   儿童是祖国的希望、未来，能为祖国的希望、未来服务，是我毕生的荣耀！,0.000150069
1876,主任医师,儿科,齐齐哈尔,1,0,"12,411",0,1,5,0,0,欢迎各位患者                        黑龙江省名中医金福厚教授独创中医药五联疗法治疗过敏性紫癜、紫癜肾、血小板减少紫癜黑龙江省名中医.黑龙江中医大学兼职教授.政府津贴获得者.齐齐哈尔紫癜研究室主任.齐齐哈尔中医医院主任医师金福厚教授，经历二十多年潜心研究，把博大精深的中...医医院理论和现代高科技完美结合，运用阴阳五行学说和现代免疫分子生物学结合，解决了医学界对顽固性过敏性紫癜，紫癜性肾炎肾病，难治性血小板减少紫癜，久治不愈的难题，使众多省内外久治不愈患者，获得康复，摆脱了西医长期使,8.06E-05
1898,主任医师 教授,普外、新生儿外科,上海,1,1475,"101,579",3,103,23,5,11,一切为了孩子                        一切为了孩子!,0.001013989
1904,主任医师 教授,小儿心血管科,长春,1,0,"19,429",0,0,4,0,0,,0
1941,主任医师 教授,儿科,石家庄,1,375,"72,415",2,73,7,1,1,,0.001008078
1961,住院医师,新生儿科,阳江,0,215,"16,308",1,1,1,0,0,欢迎词                        努力做一名合格的新生儿科医师...,6.13E-05
1986,主治医师,儿内科,上海,1,985,"90,602",21,164,1,0,0,嘉定中医儿科                        陈氏儿科传人，中医儿科陶红工作室成员，师从嘉定儿科名医陶红医师。擅长中西医结合治疗反复呼吸道感染、急慢性支气管炎、哮喘、厌食、盗汗、性早熟等。,0.001810115
1991,副主任医师,中医儿科,成都,1,0,"91,175",1,17,3,0,0,,0.000186455
2010,副主任医师 副教授,小儿外科,郑州,1,806,"75,896",3,41,2,0,3,欢迎咨询                        竭诚为患者朋友服务,0.000540213
2014,副主任医师,小儿泌尿外科,上海,1,9860,"1,355,726",18,1523,93,49,46,欢迎咨询                        本人于2013年10月13日上午九点至11点在新华医院便民服务中心义诊，无需特殊检查或检查较完备的疾病患儿可前来咨询，谢谢！大家好！我们小儿泌尿外科专业尽一切可能为病家提供方便，比如每天都能有泌尿外科医生出诊（普通门诊、专家门诊或特需...门诊）；在特别忙的时间段内开展周六手术，解决住院难等。但专家门诊挂号还是非常困难，如您孩子的确病情急或外地来上海，请等在后面，我们会给你孩子看的，但不能插队。敬请谅解。鼓励大家看小儿泌尿专科门诊（周二下午、周三上午,0.001123383
2017,主治医师,小儿外科,广州,1,0,283,0,1,4,2,0,"满意的笑容即是最大的鼓励                        专注:1.药物注射治疗及微创手术治疗痔疮等肛肠疾病;2.腹腔镜微创治疗小儿疝气及鞘膜积液;3.微创手术治疗男性精索静脉曲张,隐睾,性功能障碍,前列腺增生,包茎及包皮过长等男性生殖系统疾病;4.微创手术治疗膀胱结石,输尿管中下段结石,排尿异常...等泌尿系统疾病.                                        展开 >>                 收起 <<",0.003533569
2024,主任医师 教授,儿童保健科,成都,1,200,"27,560",0,3,19,6,0,,0.000108853
2025,副主任医师,儿科,佳木斯,1,220,"26,372",8,1,2,0,0,,3.79E-05
2028,主治医师,小儿外科,南充,0,5,"1,162",0,1,0,0,0,,0.000860585
2030,主治医师,新生儿科,济宁,1,945,"64,869",0,151,5,0,0,大家好                        欢迎进入我的网站，能为你服务是我的荣幸，祝宝宝早日康复，快乐幸福！！因为工作比较繁忙，可能无法及时回复大家的信息，如果大家能等待的，我会尽量抽时间来回复，如果不能等待的，建议及时就诊，不要延误病情，对于给大家造成的困扰非常抱歉！！请大家理...解，谅解！！                                        展开 >>                 收起 <<,0.002327768
2132,副主任医师,儿外科,兰州,1,0,981,0,0,1,0,0,,0
2152,主任医师 教授,儿科综合,辽阳,1,1495,"140,856",16,87,2,1,4,欢迎词                        用我的真心换你的笑容！关注孩子的身高，关注孩子的未来！,0.000617652
2160,主治医师,儿外科,连云港,1,230,"10,308",3,1,3,0,1,,9.70E-05
2162,主治医师 讲师,小儿外科,西安,1,425,"25,250",0,31,6,3,2,,0.001227723
2185,主任医师 副教授,小儿心脏外科,北京,1,310,"56,634",0,53,49,19,4,阜外医院16病区                        欢迎广大先天性心脏病患者及家属咨询和到阜外心血管病医院就诊，我定将竭力为您和您的家人服务，祝福所有先心病患者！,0.000935834
2206,主任医师 副教授,新生儿科,广州,1,13275,"795,813",7,1092,15,10,71,,0.001372182
2208,主任医师,新生儿科,上海,1,60,"4,475",2,9,2,0,0,心血浇灌柔弱的花朵 爱心抚育如花的生命                        十月怀胎孕育你 一朝分娩生下你 今生今世爱护你 这是母亲的大爱如果孕期胎儿有发育异常 我可以为您做发育异常胎儿的产前咨询 解除您的焦虑是我愿意做的初为人父母 新生的宝宝让您感到手忙脚乱 我可以为您做新生儿营养 发育 睡眠 早教及疾病诊治...等方面指导 您的宝宝健康聪明是我希望看到的                                        展开 >>                 收起 <<,0.002011173
2210,主任医师,小儿外科,荆州,1,0,"2,804",0,0,2,0,0,,0
2227,主任医师,儿童保健康复科,无锡,1,300,"21,563",0,9,5,0,1,欢迎词                        无锡市人民医院儿童康复科将在9月20日起开设儿童康复病房，方便患儿康复，住院后可得到强化训练和治疗，起到更好地疗效。并在12月以前住院者将免费提供一个项目的治疗。,0.000417382
2235,主治医师,小儿外科,咸阳,1,65,"8,939",5,11,1,1,0,,0.001230563
2241,主治医师,儿科,沈阳,0,210,"32,142",0,26,1,0,1,,0.00080891
2244,副主任医师,儿科,达州,1,0,"9,893",0,1,0,0,0,,0.000101082
2250,副主任医师 副教授,小儿内科,潍坊,1,0,"19,114",0,2,3,0,0,,0.000104635
2264,主任医师 教授,小儿外科,西安,1,961,"44,405",1,47,5,0,1,,0.001058439
2280,副主任医师,儿科,娄底,1,30,"1,233",0,5,0,0,0,解答婴幼儿医疗疑问                        很感谢好大夫在线为我建立个人网站，能更好与婴幼儿的家长沟通，在培育宝宝的生活中会遇到不少问题，我们可以共同探讨，我是一个照料孙宝宝的医生奶奶，结合近四十年的医疗经验能为大家解决一些疑问，我会很高兴。因时间关系，上网和回答问题会不及时，请原谅...！                                        展开 >>                 收起 <<,0.00405515
2334,主治医师,儿科,济宁,1,558,"68,866",7,34,1,0,0,,0.000493712
2361,住院医师,儿科,贵港,0,0,"8,434",0,0,1,0,0,,0
2393,副主任医师,儿科,北京,1,460,"6,034",0,54,1,0,0,,0.008949287
2457,主任医师 教授,小儿外科,济南,1,450,"57,430",0,28,2,0,1,,0.00048755
2463,住院医师,儿科,潍坊,0,0,"6,370",0,0,0,0,0,,0
2482,主治医师,小儿外科,蚌埠,1,200,"5,017",0,0,0,0,0,,0
2491,主任医师,儿童保健所,上海,1,80840,"7,151,281",23,6546,18,19,112,明年我不再出门诊                        无论什么样的语言也表达不了我对你们感恩的心，感谢广大家长的信任，使我坚守这个与你们交流沟通的阵地。长期以来和你们一起探讨宝宝的营养和生长问题，也使我得益匪浅。对我长期致力于儿童保健营养工作岗位的一位普通医生，虽然不能完全解决家长育儿的所有困...惑，但能够有机会把一生所学奉献大家，完成我此生关爱孩子的使命，是无限快乐和幸福的。以后虽然没有机会多交流了，我想以后会创造其他机会把我的保健知识和各位家长共同分享。辞旧迎新之际衷心祝愿宝宝幸福成长！祝,0.00091536
2501,副主任医师 副教授,儿科,上海,1,585,"219,873",2,80,1,1,2,,0.000363846
2502,住院医师,小儿心内科,北京,1,0,"32,166",0,6,0,0,0,,0.000186532
2515,主治医师,儿童口腔科,天津,1,0,"1,532",0,0,8,0,0,,0
2525,副主任医师 副教授,儿科,鞍山,1,0,"6,351",0,0,0,0,1,,0
2540,副主任医师 副教授,小儿外科,郑州,0,5,"1,447",0,2,1,0,0,,0.00138217
2547,主任医师,小儿泌尿科,武汉,1,33470,"2,355,855",7,3214,67,24,87,欢迎咨询 为您解答                        住院提示：★★★欢迎各位家长朋友咨询孩子有关泌尿生殖系统的问题，虽然不能面面俱到，但也可以给您指导治疗的方向，特别希望为你们的家庭带来欢笑，为家长解除心中的阴霾，为患儿解除病痛！回答可能言辞简易，但都是个人斟酌后的指导意见，希望对您和孩子有...所专业帮助！现在就诊可预约寒假手术。床位提示：★ 科室床位紧张，预约时间1~2月左右★★ 科室近期可安排★★★ 科室可尽快安排,0.001364261
2559,主任医师 教授,儿科,西安,1,1690,"166,628",40,92,6,2,6,但愿人间无疾苦 宁愿架上药生尘                        时间调整为 周一、三、五上午高新医院国际部儿科诊室门诊儿童处于生长发育阶段，是成人的基础，不少成人的躯体疾病、心理异常、性格行为等问题，都与儿童时期身心健康有关，然而在儿童时期，小儿缺乏自卫能力，其健康易受营养、疾病、外界环境的各种因素...影响，是最易受伤害的人群，因此，要保证儿童身心健康，防治各种疾病，需要全社会、家长和医护人员的共同关注，早发现、早诊断、早治疗，促进儿童健康成长。希望大家在咨询问题时，将详细的病情和相关的化,0.000552128
2603,主任医师,儿内科,厦门,1,215,"8,310",0,1,0,0,0,,0.000120337
2618,主治医师,儿内科,烟台,0,0,214,0,0,0,0,0,,0
2623,主治医师,儿童神经康复科,广州,1,0,"20,847",1,0,2,0,0,,0
2631,主任医师,小儿心外科,北京,1,17010,"411,718",9,831,37,19,206,,0.002018372
2636,主任医师 教授,儿科,北京,1,2350,"133,702",8,250,6,6,3,欢迎词                        楊奶奶祝愿过敏性紫癜、过敏性鼻炎…患过敏症的孩子们早日康复、健康成长！,0.00186983
2682,主任医师 教授,小儿消化科,上海,1,300,"41,177",0,11,10,0,1,,0.000267139
2702,主治医师 讲师,小儿泌尿外科,沈阳,1,250,"16,925",0,5,1,0,1,,0.000295421
2713,主治医师,儿保科,唐山,1,535,"36,136",4,48,0,0,0,唐山妇幼保健院儿保科生长发育门诊将办“矮小排查”义...                        唐山妇幼保健院将举办以“科学诊断、综合治疗、快乐成长”为主题的青少年生长发育义诊活动。医院将免费身高体重测量及未来身高预测，并为身高低于-2SD的前50名儿童免费骨龄测评（拍片自费）和未来身高预测。欢迎广大深受身高问题困扰的青少年及家长积极...前来参加。请提前电话预约。报名预约电话：0315-3726731活动地点：唐山妇幼保健院儿保科生长发育门诊活动时间：2013年8月12日——2013年8月17日,0.001328315
2745,主治医师,儿科,随州,0,0,629,0,0,0,0,0,,0
2751,主任医师 教授,小儿神经内科,北京,1,230,"989,243",4,968,84,44,5,,0.000978526
2757,主治医师 讲师,儿科,南京,1,215,"13,761",0,2,5,0,0,,0.000145338
2826,主治医师,小儿外科,青岛,1,1910,"89,399",7,98,0,0,3,,0.001096209
2830,主治医师,儿科,潍坊,1,10,"79,777",5,31,2,0,1,选择我，选择放心！O(∩_∩)O                        真诚为患者服务！得到大家认可，是我最大的心愿！,0.000388583
2926,副主任医师,儿童普外科,成都,1,1545,"69,347",1,73,2,0,3,为了你的健康，我愿竭尽所能！                        各位小朋友：我是胡显良博士，专长为儿童肿瘤的诊治，愿意为所有实体性肿瘤患儿服务。欢迎网上咨询！,0.001052677
2927,副主任医师,儿科,北京,1,0,"12,917",0,0,1,0,1,,0
2934,主治医师,小儿科,成都,0,0,600,0,0,0,0,0,,0
2961,主任医师 教授,新生儿科,广州,1,375,"114,435",5,24,1,0,3,我是艺术家                        作为一个儿科医生，当然也是一个“艺术家”，我很想为你分忧，聆听你的倾述，给你专业的指导意见，欢迎你！,0.000209726
3021,主治医师,小儿科,济宁,1,451,"18,434",1,20,0,0,1,,0.001084952
3052,住院医师,儿科,鹤岗,0,200,"6,454",0,0,0,0,0,,0
3066,住院医师,儿科,上海,1,50,"1,095",0,7,0,0,0,,0.006392694
3083,主治医师,小儿科,沧州,0,0,689,0,0,0,0,0,,0
3091,住院医师,儿外科,福州,1,0,"8,707",0,0,1,0,1,,0
3100,主治医师,儿童普外科,成都,1,270,"15,698",0,7,0,0,0,,0.000445917
3138,主任医师 副教授,儿科,芜湖,1,3116,"214,827",39,219,4,1,9,淡看人生、善待生命                        每一位孩子都是我们的宝贝！希望所有的孩子都能够健康快乐的成长……,0.001019425
3184,住院医师,小儿心内科,北京,1,0,"28,331",0,8,0,0,1,,0.000282376
3188,副主任医师,小儿内科,上海,0,2185,"48,118",0,225,1,0,0,,0.004676005
3279,主治医师,儿科,北京,1,470,"261,930",17,58,2,0,1,"欢迎您                        尊敬的网友：欢迎您浏览我的好大夫个人网页！从走向医学殿堂伊始，成为一名优秀的好大夫是我的人生追求。虽年资不高，但我在坚持不懈的努力，并在繁忙的工作之余时常关注着国际相关医术新进展，不断的提高和完善自我。我会不断地通过发表文章的形式，把...过敏性疾病朋友普遍关注的问题给予阐述，提供咨询和帮助!您也可以通过提问的方式把您的疑问发给我！总之，有过敏性疾病烦恼的朋友，请到这里来，我会竭尽全力给您满意答复！愿通过我们的共同努力,战胜过敏,远离过敏!(特此声明:",0.000221433
3294,主任医师 教授,新生儿科,广州,1,260,"425,021",11,156,7,0,0,欢迎词                        为人父母虽然辛苦，但是在你满足宝宝的需求过程当中，你也同时得到宝宝对你完全的爱及信任。随着孩子一天天的长大，透过孩子的眼睛，你们将重新再认识发现这个世界。也只有你们 ─ 宝宝的父母，可以提供他无条件的爱，安全的环境，良好的保健，滋养他的自信...，教导他享受人生。                                        展开 >>                 收起 <<,0.000367041
3300,主治医师,小儿血液肿瘤科,上海,1,200,"9,412",0,1,4,0,0,,0.000106247
3310,副主任医师,小儿外科,保定,0,0,"1,788",0,0,0,0,0,,0
3322,副主任医师,儿科,盐城,1,240,"7,133",0,8,0,0,0,,0.001121548
3329,副主任医师,小儿科,绍兴,0,200,"6,920",0,0,0,0,0,,0
3331,住院医师,小儿心外科,北京,1,200,"8,317",0,0,2,0,0,,0
3385,主任医师,儿科,福州,1,0,"6,369",0,0,2,1,0,,0
3392,副主任医师 副教授,小儿外科,西安,1,0,"11,393",1,2,5,3,1,,0.000175546
3452,住院医师,普外、新生儿外科,深圳,0,0,570,0,0,0,0,0,,0
3500,副主任医师,口腔儿童科,杭州,1,300,"38,590",0,21,3,1,1,,0.000544182
3501,主治医师,儿科,荆州,0,200,"7,865",0,0,0,0,0,,0
3504,主任医师 教授,小儿心内科,开封,1,590,"42,359",3,82,5,0,0,,0.001935834
3537,主治医师,中医儿科,铁岭,1,580,"57,168",5,34,0,0,0,让我们的宝宝更健康                        孩子是我们的希望，孩子的健康是我们的愿望，希望我们的交流能让妈妈安心，让宝宝健康快乐！,0.000594738
3609,副主任医师 副教授,儿科,青岛,1,0,"300,612",0,4,10,2,0,,1.33E-05
3614,主任医师 教授,儿科,泸州,1,0,"9,255",0,0,0,0,1,,0
3618,主任医师 副教授,儿科,乌鲁木齐,1,200,"14,464",0,0,5,0,0,,0
3620,副主任医师,普外、新生儿外科,深圳,1,1010,"64,439",3,171,14,6,2,欢迎新老病友咨询！                        虽然网站开通将近4年，但一直疏于管理，又由于门诊时间有限，不利于患者咨询，因此重新开通网站，为医患沟通提供一条便捷通道。欢迎新老患儿咨询。,0.002653672
3661,主任医师,儿科,黄冈,1,85,"3,254",3,13,3,0,0,,0.003995083
3663,主任医师,儿科,天津,0,30437,"2,459,323",2,1861,3,4,4,为了您的宝宝健康成长愿助一份力                        愿为年轻的家长了解育儿知识及相关的小儿常见病，减少到医院的次数，避免在公共场所交叉感染提供方便。,0.000756712
3740,副主任医师,儿童保健科,安阳,0,100,"8,906",0,19,0,0,0,,0.002133393
3756,主任医师 教授,儿科,西宁,0,0,495,0,0,0,0,0,,0
3782,主任医师 教授,儿科,上海,1,0,"33,221",0,6,2,0,0,,0.000180609
3788,副主任医师,儿外科,宁波,1,2150,"114,216",0,142,1,2,3,,0.001243258
3828,副主任医师 讲师,小儿科,成都,1,455,"66,777",0,34,2,0,0,,0.000509157
3847,主任医师,儿童保健科,郑州,1,9178,"435,580",0,823,11,1,1,欢迎词                        重要声明：本人利用业余时间和大家在网上交流，宗旨是本专业的问题尽量解释提示，因为未见到患儿所以无法进行诊断及处方治疗，欢迎家长带孩子就诊。感谢--大家对我个人网站的关注和支持，这也是我为你们工作的动力。关心儿童健康成长，是你、我共同心愿...！                                        展开 >>                 收起 <<,0.001889435
3875,主任医师 教授,儿科,长沙,1,830,"62,992",1,34,3,1,0,,0.000539751
3879,住院医师,普外、新生儿外科,深圳,0,290,"13,571",0,5,0,0,0,,0.000368433
3881,主任医师 教授,小儿心脏外科,北京,1,11621,"386,476",8,661,37,13,144,各位先心病患儿家长：您好，欢迎来到我的个人网站！                        我的服务宗旨是：让更多的先心病患儿获得适宜的诊断和处理——需要治疗的得到及时有效的治疗，可以不治疗的一定要避免不必要的处理。为了节省病人，尤其是京外病人家长的时间精力和就诊费用，建议可以先通过好大夫网站我的网页咨询或通过好大夫在线电话咨询希...望解决的问题（热线电话：4006 606 120）。通过对话交流，选择合适的时机再来医院就诊（有一些患儿并不需要立即来医院看病）。如的确需要来医院就诊，可采取转诊预约，,0.001710326
3882,住院医师,小儿脑瘫康复治疗中心,郑州,0,540,"44,563",0,38,3,2,0,欢迎词                        但愿人间常无病　　　何愁架上药生尘,0.000852725
3888,住院医师,小儿神经外科,西安,0,0,"2,210",0,0,1,1,0,,0
3977,副主任医师,儿科,北京,1,11611,"1,262,189",5,1575,10,4,1,,0.001247832
3996,住院医师,儿科,十堰,1,0,"7,927",0,0,0,0,0,,0
4004,副主任医师,新生儿科,长沙,1,0,622,0,0,2,0,0,,0
4017,主治医师,儿童保健科,柳州,1,215,"15,134",1,0,1,0,0,,0
4026,主治医师,儿科,郑州,1,0,"9,879",0,0,1,0,1,,0
4079,副主任医师 副教授,小儿外科,武汉,1,7885,"238,580",3,349,24,6,11,,0.001462822
4103,副主任医师,小儿科,济南,0,200,"5,801",0,0,0,0,0,,0
4219,副主任医师,小儿科,郑州,0,0,"7,951",0,0,0,0,0,,0
4220,主治医师 讲师,儿科,哈尔滨,0,610,"41,755",2,109,1,0,0,雾化吸入及灌肠在大部分呼吸道患儿的广泛应用                        能用一些简单的方法治疗及治愈患儿尽可能降低不必要的吃药、打针等对患儿有损伤的治疗我们需要努力为患儿保驾护航,0.002610466
4222,主治医师,儿童保健中心,重庆,1,0,"44,490",0,10,3,0,1,,0.00022477
4225,主治医师,小儿心内科,北京,0,2014,"125,316",2,150,5,1,5,老老实实做事，踏踏实实做人，一切从心开始                        清华大学第一附属医院心脏中心小儿科是由国内著名心脏外科专家吴清玉教授和国内著名的心律失常专家李小梅教授带领的团队。年手术量八百余台，主要以各种复杂先心病为主，同时药物以及射频消融治疗各种心律失常。,0.001196974
4229,副主任医师,儿科,邢台,1,230,"48,321",5,5,3,1,1,,0.000103475
4247,副主任医师,新生儿科,深圳,1,0,"22,957",0,0,1,0,0,,0
4281,主治医师,儿科,漯河,1,0,"12,209",0,0,1,0,0,,0
4308,主任医师 教授,小儿外科,北京,1,225,"11,787",5,38,11,4,0,你若安好便是晴天                        当今社会一个家庭一般只有一个孩子，孩子的健康就意味着一个家庭的幸福和未来，职业赋予了我们一种责任，那就是尽我们所能，带给患儿健康和希望。因此，简单问题在网站上留言与我咨询，我会尽量给您当天回复，但是有时医院工作比较忙，也有时会回复不及时，...请您谅解！如果有家长比较着急可以预约电话咨询与我一对一沟通，我会尽量与您当天通话。                                        展开 >>,0.003223891
4315,主治医师,儿童保健科,中山,1,0,"8,789",0,0,1,0,0,,0
4326,副主任医师,儿科,上海,1,4631,"310,108",6,355,4,0,2,,0.001144762
4336,主任医师,儿童眼科,湖州,1,0,"8,117",0,0,1,0,0,,0
4337,副主任医师,发育与行为儿科,太原,0,670,"45,411",0,53,4,0,0,,0.001167118
4402,主治医师 研究员,小儿心外科,郑州,1,795,"67,223",20,90,4,4,3,铸就“心”的完美                        希望我的努力能给您的孩子带去健康！孩子有什么问题可以在网站给我留言，我会尽快给您答复！,0.001338827
4415,主任医师 教授,新生儿科,广州,1,2870,"525,343",43,368,9,0,3,早产儿之舟俱乐部在珠江新城欢迎你的加入！！！                        服务内容重点服务对象为早产儿，定期开办早产儿之舟俱乐部，欢迎您的加入。建立个人档案跟踪监测：定期进行体格发育、神经运动发育、行为及气质测查与指导系统干预训练：特殊儿童抚触、婴儿抚触、婴儿被动体操、各年龄段适宜运动训练（大运动、精细运动...、视听刺激、语言训练、行为培养）等个性化服务：一对一营养及保健指导，解决宝宝成长过程中家长面临的种种难题。,0.000700495
4428,副主任医师,儿童预防保健科,昆明,0,0,"1,097",0,0,0,0,0,,0
4431,主任医师 教授,儿童保健科,成都,1,1915,"168,650",4,201,4,0,5,《儿童生长发育的常见影响因素》电视健康讲堂                        成都电视台《第一健康》栏目链接第一期（4月23日）：http://www.cdtv.cn/show-115-1692-1.html第二期（4月24日）：http://www.cdtv.cn/show-115-1700-1.html,0.001191817
4449,主任医师 教授,小儿外科,广州,1,1690,"83,409",25,233,4,2,1,,0.002793464
4464,主治医师 讲师,儿外科,滨州,1,0,921,0,0,0,0,0,,0
4499,住院医师,儿科,荆州,0,0,"2,338",0,0,2,0,0,,0
4516,主任医师,儿童保健所,长沙,1,200,"22,959",0,1,4,2,0,,4.36E-05
4536,主任医师,儿保科,西安,1,0,"12,011",0,1,2,0,1,,8.33E-05
4539,主任医师,儿童保健科,深圳,1,4107,"230,817",0,309,11,2,3,,0.001338723
4557,主任医师,儿外科,无锡,1,200,"8,005",0,0,2,0,0,,0
4627,住院医师,小儿泌尿科,武汉,0,0,750,0,0,0,0,0,,0
4634,主治医师,小儿心外科,北京,1,54420,"1,296,191",13,2753,12,11,489,我的微博：http://weibo.com/lixiaofengyisheng                        ■提供胎儿心脏评估及出生后各种先心病手术治疗及微创手术的一站式咨询和服务。以爱心护心，用真心守护。■您的孩子就是我们的孩子，我们的目标是共同努力，为孩子驱走病魔，还孩子一颗健康的心脏，让孩子的世界充满阳光和欢乐！我的微博：http://w...eibo.com/lixiaofengyisheng■家庭贫困的孩子，来就诊住院的时候携带家庭贫困证明等材料，我帮助孩子们申请爱心基金救助。,0.002123915
4642,主任医师 副教授,新生儿内科,深圳,1,210,"19,717",0,1,5,0,0,,5.07E-05
4702,主治医师,儿科,长沙,0,0,822,0,0,3,0,0,,0
4727,主治医师,儿童口腔科,乌鲁木齐,0,200,"5,596",0,0,0,0,0,,0
4772,副主任医师,儿科,上海,1,290,"16,894",0,4,3,0,0,,0.00023677
4793,主任医师 教授,儿科,佛山,1,13746,"1,078,560",27,990,17,3,13,"为脑瘫儿童解除障碍是我们的使命                        作者简介 刘振寰，儿科主任医师/教授/博士生导师,享受国务院特殊津贴的儿科专家.现为广州中医药大学附属南海妇儿医院副院长，脑瘫康复中心主任。1997～1998年赴美国、德国进修小儿脑瘫康复。国际亚洲大洋洲小儿神经协会终身会员,国际物理与康复...医学会会员，世界神经康复治疗学会会员，国际神经修复学会理事;世界中医药联合会儿科专业委员会常务理事;世界中医药联合会康复保健专业委员会常务理事.香港中华中医药学院/台湾中山医学科学院/印",0.000917891
4813,主治医师,小儿外科,日照,0,2445,"80,742",3,401,0,0,0,,0.004966436
4839,副主任医师,儿科,杭州,1,60,"12,770",0,11,0,0,0,,0.000861394
4883,副主任医师,小儿眼科,青岛,1,90,"1,569",11,13,2,0,0,,0.008285532
4884,主治医师,小儿脑瘫康复治疗中心,郑州,0,5,"5,777",0,2,6,0,0,,0.0003462
4887,主任医师,新生儿科,深圳,1,3960,"234,205",4,500,1,0,5,,0.002134882
4944,副主任医师 副教授,儿科,十堰,1,55,"14,697",7,10,0,0,0,,0.000680411
4963,住院医师,新生儿科,合肥,0,190,"30,270",0,48,2,0,0,,0.001585728
4967,副主任医师,中医儿科,石家庄,1,2455,"62,410",5,363,0,0,0,秉承业精于勤之古训，服务于广大患儿。                        愿小朋友们健康、快乐地成长。,0.005816376
4970,主治医师,小儿脑瘫康复治疗中心,郑州,0,1560,"111,811",8,117,6,3,3,,0.001046409
4975,主任医师,儿科,杭州,1,0,"2,421",0,0,6,0,0,,0
4983,主治医师 讲师,儿科,青岛,1,895,"103,651",9,138,1,0,2,欢迎咨询问题，尽我所能去解除患儿的病痛                        经我最大的努力，给患儿祛除病痛,0.001331391
4998,主治医师 讲师,儿科,上海,1,200,"8,971",0,0,1,0,0,,0
4999,副主任医师,小儿外科,南阳,1,30,"2,058",1,5,1,1,0,,0.002429543
5017,主治医师,儿科,西安,0,846,"75,441",0,51,1,0,0,希望每位患儿早日康复，快乐成长！                        欢迎肾病或血液病患儿来到我的网站，希望我能为你们早日恢复健康提供帮助！,0.000676025
5058,副主任医师,斜视与小儿眼科,太原,1,10410,"390,834",5,670,11,1,11,欢迎                        欢迎各位访问我的网站，我将尽我所能给您带来满意的答复。,0.001714283
5068,主任医师 教授,儿科,十堰,1,530,"49,878",0,33,2,0,0,,0.000661614
5101,主治医师,儿科,丹东,1,295,"32,028",0,8,2,0,0,,0.000249781
5105,主任医师,新生儿科,杭州,1,15,"4,468",0,3,1,0,0,,0.000671441
5152,副主任医师 讲师,儿科,南京,1,0,"77,646",0,10,2,0,0,生命是如此的美丽 The life is the like this beauty                        阳光的清晨小小鸟在快乐地歌唱新生宝宝在咿呀呀地成长生命是如此的美丽……,0.00012879
5182,住院医师,儿科,上海,1,10,"3,244",0,2,0,0,0,,0.000616523
5191,副主任医师 副教授,儿内科,哈尔滨,1,745,"70,148",2,59,4,0,1,医者仁心                        各位新老患者，哈尔滨医科大学附属第一医院在群力建立分院已开始收治病人，我主管儿科门诊和病房，同时，我也在医大一院门诊出诊，如果您的小孩有关于呼吸系统和消化系统方面的疾病，可以通过我的网站进行咨询，我会及时回复您的问题，帮助您解忧排难！,0.000841079
5195,副主任医师 副教授,小儿科,成都,1,1650,"38,680",0,162,4,2,2,,0.004188211
5211,主治医师,儿童牙科,哈尔滨,0,50,"7,261",1,9,2,0,0,欢迎                        欢迎大家管理本网站，我将尽己所能，为您服务,0.001239499
5212,主治医师,儿童保健中心,北京,0,10,"4,062",0,2,1,0,0,,0.000492368
5215,副主任医师 副教授,儿科,钦州,1,5,"16,218",0,1,4,0,0,,6.17E-05
5306,主治医师,儿童康复科,北京,1,2640,"68,047",0,346,1,0,0,,0.005084721
5333,住院医师,儿科,郑州,0,0,"10,446",0,0,0,0,0,,0
5346,副主任医师,儿科,北京,1,0,"1,386",2,0,0,0,0,,0
5367,副主任医师 副教授,儿科,大连,1,225,"32,466",1,23,3,0,0,,0.000708433
5406,主任医师 教授,小儿外科,济南,1,9275,"275,229",0,657,17,10,41,,0.002387103
5408,主任医师 副教授,儿科,青岛,1,0,"8,060",0,1,2,1,0,,0.000124069
5460,住院医师,小儿外科,贵阳,0,225,"6,816",0,4,2,1,0,,0.000586854
5471,主任医师,儿内科,济南,1,260,"17,101",0,6,4,0,0,,0.000350857
5503,主任医师 教授,儿外科,泸州,1,1685,"154,254",3,123,3,1,3,,0.000797386
5506,副主任医师 副教授,儿科,济南,1,30,706,0,5,4,0,0,,0.007082153
5516,副主任医师 副教授,小儿血液肿瘤科,成都,1,270,"6,717",0,31,15,3,0,,0.004615156
5543,副主任医师 副教授,小儿泌尿外科,沈阳,1,445,"47,970",0,27,10,1,4,,0.000562852
5563,住院医师,小儿脑瘫康复治疗中心,郑州,0,0,316,0,0,1,1,0,,0
5564,主任医师 教授,小儿外科,上海,1,191845,"6,642,177",7,9201,174,122,605,,0.001385239
5577,主任医师 教授,儿内科,宁波,0,200,"28,153",0,2,5,0,0,,7.10E-05
5595,住院医师 助教,儿科,新乡,0,200,"10,743",2,0,0,0,0,,0
5645,主治医师,儿科,江门,1,0,"33,764",3,0,1,0,0,"热烈欢迎光临本网站                        这里找不到最权威的答案,这里也找不到教授级的人物.但这里却找得到一位基层医生与普通患者的真实的交流的情况,尽心尽力找到最合适的答案,最佳的解决方案.....",0
5651,主治医师,儿科,上海,1,0,"8,397",0,0,2,0,0,,0
5666,住院医师,小儿外科,青岛,0,5145,"49,857",12,567,0,2,2,山东大学齐鲁医院（青岛）儿外科竭诚为每一位患儿服务...                        山东大学齐鲁医院（青岛）小儿外科竭诚为每一位患儿服务。您的提问我会在2个工作日内回复，如因假期、值班等延误，敬请见谅。,0.011372525
5678,住院医师,新生儿科,潍坊,0,0,"118,965",10,10,0,0,0,网络无限，能力有限，尽力而为吧                        行医原则：健康所系，性命相托，慎之又慎！举手立誓：我决心恪守医德，竭尽全力，除人类之病痛，助健康之完美，维护医术的圣洁和荣誉，救死扶伤，不辞艰辛，执着追求，为祖国的医药卫生事业的发展和人类的身心健康奋斗终生。真心寄语：祝愿大...家健健康康！祝愿患者们早日康复！                                        展开 >>                 收起 <<,8.41E-05
5692,副主任医师,小儿神经内科,广州,1,0,"14,970",0,1,1,0,0,,6.68E-05
5736,住院医师 讲师,小儿外科,四平,1,0,"9,875",0,0,3,0,1,,0
5745,副主任医师,儿保科,濮阳,0,0,655,0,0,1,0,0,,0
5765,副主任医师,儿科,南平,1,285,"43,334",0,9,0,0,1,,0.000207689
5776,主任医师,儿内科,厦门,1,35,"1,715",7,6,1,0,0,刘登礼博士个人网站开通了！                        如您的孩子有什么不适，欢迎家长朋友咨询！,0.003498542
5779,主治医师,小儿内科,北京,1,1240,"37,119",0,165,4,3,1,,0.004445163
5831,主治医师,儿科,北京,0,135,"14,839",6,23,1,0,1,欢迎词                        有时是治愈，常常是安慰，总是去帮助。用我的业余时间告诉您在医院里的医生无暇告诉您的事情。,0.00154997
5908,副主任医师 副教授,儿内科,青岛,1,4945,"270,928",9,296,3,1,18,,0.001092541
5925,住院医师,小儿泌尿外科,合肥,0,35,"30,903",1,5,1,0,0,,0.000161797
5936,副主任医师,新生儿科,连云港,1,0,"7,903",0,0,0,0,0,,0
5945,主治医师,儿科,呼伦贝尔,0,20,"4,860",0,3,0,0,0,欢迎词                        应当地患者的需求，特开通个人网站，欢迎大家咨询，我会尽我最大能力为各位初为人父母的年轻爸爸、妈妈们排忧解难！,0.000617284
5970,副主任医师,儿科,广州,1,0,"22,044",0,6,6,3,0,,0.000272183
6022,主任医师 副教授,斜视弱视与小儿眼科,天津,1,98546,"2,991,227",1,6085,156,62,124,欢迎词                        欢迎患者使用医指通预约挂号医指通网站预约:www.eztcn.com市内电话预约：400-6511-800异地患者专线：022-26690818,0.002034282
6112,副主任医师,儿科,襄阳,1,0,"10,974",0,0,2,0,0,,0
6122,主任医师 教授,儿童口腔科,武汉,1,3440,"222,182",0,272,23,6,2,,0.001224222
6131,主任医师 副教授,儿科,北京,1,2605,"229,907",3,244,6,4,2,,0.001061299
6141,主治医师,小儿神经康复科,郑州,0,23748,"900,712",25,1244,7,4,53,爱宝宝                        用爱心为宝宝服务。郑州大学第五附属医院,0.00138113
6151,副主任医师 副教授,儿科,长沙,1,210,"14,888",0,2,1,0,0,,0.000134336
6185,副主任医师,普外、新生儿外科,上海,0,235,"11,984",0,9,10,3,0,,0.000751001
6189,主治医师,小儿神经外科,上海,1,0,"3,859",0,0,2,0,1,小儿脑血管病                        小儿脑血管病发病率不高，但专职医师更少，本专栏为全国脑血管病的患儿提供一个咨询的平台。,0
6225,主治医师,小儿外科,安庆,0,20,686,0,3,0,0,0,健康童年                        希望能给家长朋友们一些帮助，有关小儿疝气，包茎，隐睾，肠套叠，先天性巨结肠，先天性胆总管囊肿等方面的问题，可以留言咨询。,0.004373178
6264,副主任医师,小儿神经内科,温州,1,9255,"547,326",1,688,15,3,21,,0.00125702
6274,主治医师,儿科,郑州,1,775,"68,850",0,40,4,2,0,,0.000580973
6308,副主任医师,儿科,石嘴山,0,260,"119,160",8,21,0,0,0,,0.000176234
6313,主治医师,新生儿科,广州,1,95,"17,172",0,18,1,0,0,,0.001048218
6320,住院医师,中医儿科,安阳,0,0,"2,361",0,0,0,0,0,,0
6330,副主任医师 讲师,儿童保健科,南京,1,310,"31,189",0,47,2,0,0,呵护宝宝的健康                        每位宝宝都能健康茁壮的成长，是我最欣慰的事情。,0.001506942
6356,副主任医师 副教授,儿科肾病专科,武汉,1,230,"13,468",0,8,9,3,1,,0.000594001
6372,主治医师,小儿科,天津,1,225,"18,330",0,5,0,0,1,欢迎您的到来：                        身心健康是孩子最宝贵的财富，当前社会应该关心重视这个问题，家长和大夫更是责无旁贷。,0.000272777
6376,主任医师 教授,小儿外科,开封,1,10990,"319,453",3,374,5,1,10,开封市儿童医院                        :开封市儿童医院外科涵盖了小儿普外、心胸外科、新生儿外科、泌尿外科、骨科等专业，现拥有主任医师5名，副主任医师3名的高职称专业队伍，能够开展小儿先天性心脏病（如房、室间隔缺损，动脉导管未闭，法洛式四联征等）复杂性心脏畸形的手术治疗。新生儿外...科开展各类消化道畸形：如先天性食道闭锁、膈疝、十二指肠梗阻、先天性巨结肠、肠闭锁及肛门闭锁等疾病的治疗，治愈率高，大大提高了患儿的生活质量。普外科开展纵膈肿瘤、胆总管囊肿、肝肾肿瘤、畸胎瘤、神经母细胞瘤,0.001170751
6397,主治医师,儿科,鹤岗,0,200,"6,731",0,0,0,0,0,,0
6437,住院医师,小儿微创整形泌尿外科,广州,1,600,"17,333",1,87,0,1,1,,0.005019327
6438,主治医师,小儿重症监护室,安阳,1,10,970,2,1,0,0,0,愿健康相伴您一生!                        希望我可以帮助你，希望所有宝贝健康成长。,0.001030928
6456,主管技师,儿童神经康复科,广州,1,205,"10,240",4,1,0,0,0,,9.77E-05
6477,住院医师,儿科,北京,1,640,"48,873",0,24,0,0,0,,0.000491069
6489,主任医师 副教授,儿内科,厦门,1,15,"3,556",0,3,3,0,0,,0.000843645
6547,主任医师,心儿科,广州,1,500,"77,455",0,67,18,4,6,,0.000865018
6569,主任医师,小儿普外科,哈尔滨,1,200,"6,175",0,1,5,2,0,,0.000161943
6572,主治医师 讲师,小儿外科,北京,1,5640,"336,972",0,771,2,0,3,,0.002288024
6593,主治医师,儿童康复科,成都,1,10,793,1,2,0,0,0,,0.002522068
6598,主治医师 讲师,小儿外科,南充,1,25,"10,322",5,5,2,0,1,欢迎咨询和就诊                        欢迎您光临梁云大夫个人网页，我和您一样关心孩子的健康，孩子的健康快乐是你我共同的心愿！为方便咨询，请详细注明患儿年龄、体重、主要症状及超声，CT片，DR片等辅助检查资料，以便全面准确地评估孩子的病情！,0.000484402
6601,主任医师,新生儿科,广州,1,0,"49,848",0,2,1,0,0,,4.01E-05
6602,主治医师,儿内科,兰州,1,0,"17,143",0,0,2,0,0,,0
6619,副主任医师 副教授,新生儿专科,中山,0,2264,"731,229",3,283,5,2,6,,0.00038702
6623,副主任医师,儿科,成都,1,15,"3,118",0,3,0,0,0,,0.000962155
6662,主任医师 教授,儿科,西安,1,10,"5,238",14,2,1,0,0,,0.000381825
6675,主治医师,儿科,深圳,1,15,"1,033",0,3,0,0,0,一份激情，一份守候                        我从事儿科多年，对儿科的激情未曾减少，希望我的激情及专业知识能帮助更多的人！,0.002904163
6676,住院医师,小儿科,菏泽,0,0,"2,860",0,0,0,0,0,,0
6711,主治医师,儿童康复中心,长沙,1,0,"59,175",1,20,2,2,1,相聚即是缘                        晨有清逸，暮有闲愁，梦随心动，心随梦求！,0.000337981
6736,副主任医师,小儿保健科,临沂,0,160,"22,819",5,28,2,0,0,欢迎词                        每周除了周四休息，其他时间都在儿保科矮小门诊坐诊,0.001227048
6804,副主任医师,小儿眼科,佛山,0,355,"174,966",54,13,4,0,1,,7.43E-05
6815,副主任医师 副教授,儿科,上海,1,220,"29,036",0,4,1,0,1,,0.00013776
6824,主治医师 讲师,小儿脑病康复科,郑州,1,660,"50,510",3,54,6,3,1,,0.001069095
6856,副主任医师 副教授,儿童口腔病科,石家庄,0,1615,"127,261",4,92,1,0,0,儿童牙科医生                        想到儿科，总是哭声一片，儿童牙科，更是让人胆寒。所以，在我们国家的医疗环境和秩序还不尽人意的今天，千万保护好孩子的牙。,0.000722924
6908,主治医师,儿科,上海,1,140,"37,351",1,29,2,1,1,,0.000776418
6978,副主任技师,儿科康复中心,重庆,0,400,"16,360",0,47,0,0,1,,0.002872861
6979,主任医师 教授,小儿外科,哈尔滨,1,505,"54,642",1,40,5,1,0,,0.000732038
7034,主治医师,儿科,安阳,0,0,"1,448",0,0,0,0,0,,0
7062,副主任医师,儿科,青岛,1,0,"8,664",0,0,1,0,0,,0
7117,主治医师,小儿眼科,安阳,0,0,"14,809",0,1,6,1,1,,6.75E-05
7118,主治医师,普外、新生儿外科,深圳,0,0,180,0,0,0,0,0,,0
7126,主任医师 副教授,小儿心血管内科,温州,1,690,"71,729",3,64,6,1,2,,0.000892247
7129,主任医师 教授,儿童保健科,重庆,1,940,"23,248",0,139,2,0,0,,0.005979009
7165,住院医师,小儿心外科,郑州,0,0,"1,943",0,0,0,0,0,欢迎词                        儿童的心律失常没有引起家长及普通医生的重视，且相关方面的专业医生寥寥无几。目前：一些孩子因心动过速发作而烦躁不安，或因心动过缓而精神不振；一些孩子感冒后被盖上“病毒性心肌炎”的大帽子，而真正的心肌炎却被漏诊、误诊；先天性心脏病术前、术后的心...律失常问题也向医生提出了挑战！今天，一位致力于小儿心律失常专业的医生来了，希望能在最大程度上给可爱的孩子们提供帮助。                                        展开 >>,0
7208,副主任医师 副教授,小儿神经外科,郑州,1,280,"15,916",0,12,0,0,0,,0.000753958
7210,主任医师 教授,小儿泌尿外科,上海,1,94623,"3,444,676",8,5154,164,95,555,,0.001496222
7261,住院医师,儿科,广州,0,425,"7,876",0,53,0,0,0,,0.006729304
7288,住院医师,小儿神经外科,上海,1,85,"1,420",0,8,6,0,0,,0.005633803
7296,主治医师,儿科,北京,1,305,"2,812",0,41,0,0,1,儿童强，中国强！                        儿科大夫的使命：让每个儿童拥有良好的开端，美好的未来！,0.01458037
7303,副主任医师,儿童普外科,成都,1,500,"41,473",3,25,2,0,0,尽我所能为患儿解除病痛，是我的毕生追求                        病急不能乱投医，要请专科医师诊治疾病，特别是儿童这个特殊群体，应该受到社会及医疗界的广泛关注，他们是我们明天的希望！,0.000602802
7375,主任医师 教授,儿童保健门诊,长春,1,416,"47,967",1,21,1,0,1,尽其所能为孩子的身心健康成长保驾护航！                        欢迎身材矮小、性早熟、多动症、抽动症患儿就诊！早产儿、低出生体重儿、发育迟缓儿、正常小儿前来进行系统保健及发育促进！,0.000437801
7450,主治医师,儿童口腔科,成都,1,250,"31,634",1,18,3,0,1,,0.000569008
7484,主治医师,小儿心血管专科,中山,1,240,"19,076",1,3,1,0,4,现在小儿先天性心脏病是可以治的！                        提起先天性心脏病，大部分人都觉得没希望了。其实随着医学的进步，现在很多先天性心脏病都是可以根治的，尤其是在小儿阶段。如简单的先天性心脏病：肺动脉瓣狭窄、动脉导管未闭、房间隔缺损，室间隔缺损等不但可以用外科开胸方法治疗，还可以用国际上最先进的...办法----介入手术根治，并达到无创效果。术中既不需要心脏停跳及切开心脏，更不需要输血，术后还可以完全无疤痕。（手术通路在右侧大腿，打针穿刺血管后沿血管走行将治疗器材送达患病部位即可）,0.000157266
7485,主任医师 教授,小儿心血管科,成都,1,1140,"48,755",0,56,3,0,14,倾听是种艺术                        好大夫的修养有很多，倾听是一种重要的沟通,0.0011486
7508,主任医师,儿科,沈阳,1,300,"20,097",0,4,0,0,1,欢迎咨询                        愿陪伴您新出生的宝贝健康成长。,0.000199035
7510,主任医师 教授,小儿骨科,郑州,1,5,"62,710",0,28,23,7,0,您孩子的健康使者                        我主要从事先天性脊柱脊髓畸形的诊治研究，主要治疗先天性脊柱侧弯，先天性脊髓畸形，可一期手术治疗先天性脊柱脊髓畸形，减少花费痛苦和住院时间。利用我的网站您可以：1、对于已经找我面诊过得患者（尤其是外地患者），不方面复诊或病情发生变化时，可直...接申请电话咨询与我一对一进行深度咨询;2、没有就诊过的患者，也可以通过电话咨询的方式向我咨询有关疾病的相关问题，由于医院工作繁忙，网上咨询暂时没有时间回复，请理解。家长可以申请电话咨询服务与我沟通，我将,0.0004465
7515,住院医师,口腔儿童科,杭州,1,1217,"72,306",1,86,0,0,0,欢迎大家咨询儿牙问题                        我会尽量抽时间回答大家的问题！,0.00118939
7553,副主任医师,小儿外科,温州,1,560,"24,682",0,98,2,0,0,欢迎词                        让我们一起关注儿童健康事业！,0.003970505
7562,住院医师,心儿科,广州,0,10,"3,699",15,3,1,0,0,,0.00081103
7565,副主任医师,妇儿科,北京,1,570,"64,665",1,46,3,1,1,,0.000711359
7634,主任医师,小儿内科,济南,1,990,"14,775",1,147,10,1,0,,0.009949239
7637,副主任医师 副教授,新生儿科,广州,1,0,"8,752",0,0,0,0,0,,0
7672,主任医师 教授,小儿外科,济南,1,4150,"198,302",0,283,12,1,7,健康一生                        孩子是祖国的花朵，让我们为每一朵花献出爱心，欢迎大家与我共同探讨小儿外科疾病的治疗。,0.001427116
7755,主任医师,儿童康复中心,上海,1,6554,"455,144",0,598,9,2,14,欢迎词                        康复一人，幸福全家。,0.00131387
7775,主任医师 教授,小儿内科,石家庄,1,200,"12,348",0,1,8,0,0,,8.10E-05
7795,主治医师,儿科,成都,0,1950,"14,619",5,212,1,1,0,专业有爱的儿科医生                        作为一位女儿的爸爸，我深深地理解每一位家长在孩子生病后的心情，上班时间没有没有沟通到位的，我会利用闲暇时间在网上答疑。当然，医学博大精深，也有许多我解决不了的问题，但我一定能给你正确的引导。,0.014501676
7821,主治医师,儿科,北京,0,300,"26,427",0,10,0,0,0,,0.000378401
7855,主治医师,小儿神经内科,北京,1,145,"27,014",0,27,0,0,1,,0.000999482
7869,主任医师,儿科,宜昌,0,0,"1,788",0,0,0,0,0,,0
7872,副主任医师,儿科,常州,1,290,"41,015",5,7,3,1,0,每一个孩子的健康是我们儿科医生的使命                        常州市第二人民医院                儿童生长发育联合会诊会诊时间：2010年10月24日（周日）上午8点会诊地点：常州市第二人民医院儿科门诊二楼会诊专家：沈永年（全国儿童内分泌专家、上海儿童医学中心教授）      ...    吴果（常州市第二人民医院儿科副主任医师）会诊内容：诊断儿童矮小、性早熟、甲状腺疾病、儿童肥胖、早发育等儿科内分泌类疾病专家预约电话：0519-88106550网址：HTTP：//ww,0.000170669
7900,主任医师 教授,儿童保健科,成都,1,4730,"523,863",0,433,6,0,5,,0.000826552
7914,主治医师,儿科,杭州,1,731,"49,233",1,32,0,0,3,,0.000649971
7928,主治医师,内儿科,阳江,0,0,201,0,0,0,0,0,,0
7961,副主任医师,儿童口腔科,天津,1,200,"10,039",0,4,1,0,1,尽我微薄之力，给您些许帮助                        各位患者、患者家长好，我是高原荣，希望能帮您解决一些实际问题。,0.000398446
7963,副主任医师,小儿康复科,北京,1,200,"23,200",0,4,7,0,0,,0.000172414
7972,住院医师,小儿科,淮南,0,0,"9,380",0,0,2,0,0,,0
8026,副主任医师 副教授,儿童保健所,上海,1,300,"44,231",4,63,1,0,1,欢迎来到上海儿童医院儿童保健所咨询张金凤医生                        感谢您对我的信任，我愿尽我所能解答您的问题，希望能对您有所帮助。,0.00142434
8035,副主任医师 副教授,小儿外科,西安,1,15661,"910,689",30,1344,36,22,47,祝福大家，祝福天下所有的孩子和父母                        每一位患者顺利康复都能给我带来一丝慰藉，心中都有一块石头轻轻落地，愿天下的孩子都能健康成长，愿天下的父母都能心情愉快，谢谢大家对我的信任，我将继续不遗余力地去帮助每一位需要我的患儿和他们的父母，努力提高自己的医疗技术，减少他们的痛苦，在充满...诱惑纷繁复杂的社会中净化自己的灵魂。祝福大家，祝福天下所有的孩子和父母。                                        展开 >>,0.001475806
8045,副主任医师 副教授,儿科,南京,1,7625,"593,965",4,573,4,1,8,爱心、耐心、细心、真心是我不变的信条                        没有最好，只有更好是我永恒的追求，但愿您的宝贝在你我的共同呵护下健康快乐成长。,0.000964703
8047,主治医师,小儿外科,郑州,0,70,"7,889",2,9,0,0,0,欢迎词                        小儿手术哪里去，省医小儿外科帮助您！,0.001140829
8069,副主任医师 副教授,儿科,北京,1,0,"13,053",0,0,1,0,0,,0
8166,主治医师 讲师,儿科,南京,1,3546,"129,786",5,134,13,3,7,欢迎您！                        肾小球疾病作为一种慢性病，消耗着孩子的天真、家长的精力、亲人的牵挂；迁延的病程，使爸妈无法正常工作，使富裕变为贫穷，贫穷转为拮据。作为十六年的儿科医师，现在肾病研究所刘志红院士指导下进行博士后工作，有幸在研究所临床治疗童年得肾小球疾病，迁延...至成人甚至老人的患者，循证了肾脏疾病从儿童到中老年的发生发展过程，希望能在网上为各位家长排忧解惑！时间有限，请您见谅。Hippocratic Oath:I swear by Apollo the Physic,0.001032469
8175,主任医师,儿科,北京,1,250,"28,221",0,13,5,0,0,,0.00046065
8178,主治医师 研究员,小儿外科,临沂,0,0,"2,850",0,0,0,0,0,,0
8193,主治医师,小儿外科,无锡,1,754,"61,751",6,49,1,0,1,大手拉小手，祝愿所有的小朋友快乐的成长！                        小儿外科医生是挽救儿童生命，改善儿童生活质量的积极倡导者和关键力量，我们在进行中………,0.000793509
8272,副主任医师 副教授,儿童保健科,潍坊,1,15907,"1,410,932",32,1006,3,1,9,关注儿童身心健康                        生命相托，精医厚德；呵护生命，情满鸢都。“世间最珍贵的东西莫过于真理。人世间的贫富、美丑、是非，恰如过眼烟云，终归要归于寂灭；而真理之光却永远照耀着世间，使病者得愈、贫者致富，忧伤的人们得以快乐。”,0.000713004
8287,副主任医师,儿科,通化,1,0,"10,284",0,0,2,0,0,,0
8301,主治医师,小儿神经康复中心,桂林,1,0,"1,744",0,0,0,0,0,,0
8307,副主任医师,小儿科,广州,1,31150,"951,171",1,930,15,14,212,托起明天的太阳。                        在我还不算太长的医生生涯里，听到最多的是这句话：“看病难，看专科病更难！”。虽然我的知识和精力有限，但我愿尽绵薄之力。求医寻治之路，对于患者和医者，有时候都是一样的困难旅程。共同寻获答案时，患者将获得正确的医治，而医者则获得知识与经验的升...华。一路行来，有困惑也有迷茫，最终选择执着。                                        展开 >>                 收起 <<,0.000977742
8310,副主任医师,小儿外科,上海,1,18025,"1,331,201",11,1686,38,20,68,,0.001266525
8353,主治医师,小儿骨科,郑州,1,3615,"366,822",17,251,6,1,3,座右铭                        勤求古训医疾医人医德   博采众方治病治身治心,0.000684256
8392,主治医师,儿童精神医学科,上海,1,200,"18,446",0,4,10,0,1,,0.000216849
8452,主任医师 教授,中医儿科,武汉,1,0,"26,317",0,2,8,0,0,,7.60E-05
8468,主治医师,小儿康复科,青岛,0,5,"3,006",5,1,1,0,0,,0.000332668
8511,主治医师,儿科,上海,0,815,"35,897",0,32,1,0,0,,0.000891439
8521,副主任医师,小儿血液内分泌科,济南,0,0,863,0,0,0,0,0,,0
8522,主治医师,儿科,杭州,0,0,"1,862",0,0,1,0,0,,0
8594,副主任医师,斜视弱视与小儿眼科,天津,1,3492,"184,508",19,468,55,20,3,斜视治疗是一门医术，更是一门艺术                        与家长分享斜视的国际治疗理念将患儿当做自己的孩子一样治疗,0.002536475
8614,住院医师 助教,儿科,南京,1,2720,"101,933",0,193,19,3,3,,0.001893401
8615,主治医师 讲师,儿童泌尿外科,北京,1,19985,"450,526",2,698,20,13,41,八一儿外科，儿外科精品                        北京军区总医院附属八一儿童医院小儿泌尿外科，腹腔镜微创治疗为特色。,0.0015493
8638,主任医师,儿科,杭州,1,620,"61,212",0,37,16,1,1,愿我的微薄之力有助于您的孩子的健康，乃我之幸也！                        为人母，深感孩子的健康牵动父母乃至全家的神经！身为郑州市儿童医院一名普通的职工，深感肩头的责任之重！身为国家培养的一名医生，深感肩头的义务之大！,0.000604457
8649,副主任医师,小儿心内科,北京,1,510,"34,822",5,24,1,0,4,欢迎词                        让孩子们都健康成长！,0.000689219
8682,主任医师,儿科,嘉兴,1,445,"38,925",3,45,2,0,1,大家好！                        有关生长发育的问题尽管提，我将尽快做出回答。,0.001156069
8731,主治医师 讲师,小儿外科,武汉,1,10,"7,468",9,2,0,0,0,业余时间服务患儿，促进自己                        欢迎大家来本页面交流，希望这个平台能成为普通人真正的免费福利,0.000267809
8748,主任医师 教授,斜视弱视与小儿眼科,天津,1,2230,"136,531",0,264,47,18,6,欢迎辞                        热忱欢迎各位患者前来就医，我愿以良好的医德、竭尽所能为您诊治。,0.001933627
8762,副主任医师,儿科,广州,1,0,616,0,0,0,0,0,,0
8784,副主任医师,儿保科,荆州,1,30,"4,267",0,6,0,0,0,,0.00140614
8792,主治医师 讲师,新生儿科,驻马店,0,975,"236,849",15,107,1,1,0,,0.000451765
8794,主任医师,小儿普通外科,广州,1,2003,"172,861",0,135,5,1,14,再次起航                        近两年来，忙于医院的美国JCI国际认证和人民卫生出版社、人民军医出版社的书籍编写，对网站的咨询和回复有所忽略，给患儿家属带来很多不便，对此我深表歉意。现在各方面的工作都取得了卓越的成绩，能够腾出更多的时间关注好大夫等网络的咨询，可以使更多患...儿家属不用再来回奔波于就医路途中，尤其是许多省外的家长。在这里，谢谢给我帮助和鼓励的患儿及其家长，正是你们的支持和要求，给了我动力更加重视网络咨询和回复。请多联系，让我知道你们和孩子，就诊后确实从我这得到帮助,0.000780974
8795,副主任医师,儿科,柳州,1,0,"23,374",0,2,1,0,0,,8.56E-05
8868,副主任医师 副教授,儿保科,上海,1,260,"128,137",0,74,3,0,2,,0.000577507
8872,主治医师,儿童保健科,荆门,1,10,"6,541",5,2,1,0,0,,0.000305764
8893,主治医师 讲师,小儿科,成都,1,0,424,0,0,1,0,0,,0
8981,主治医师,小儿外科,南宁,0,200,"7,607",0,0,0,0,0,,0
8983,住院医师,小儿泌尿外科,合肥,0,10,"24,648",0,3,2,1,0,,0.000121714
9003,副主任医师,儿科,北京,1,200,"6,356",0,0,1,0,0,,0
9029,主任医师 教授,小儿眼科,昆明,1,785,"49,238",14,42,5,1,2,,0.000853
9042,副主任医师,小儿外、普外科,南宁,1,0,958,0,0,0,0,0,,0
9051,住院医师,小儿科,兰州,1,200,"8,994",0,1,2,0,1,,0.000111185
9060,副主任医师,儿科,秦皇岛,0,1310,"208,451",0,65,1,0,4,您的信任是我最宝贵的财富                        儿童是国家的未来，儿童健康成长是每个家长的希望，让我和您一起来完成这个任务吧,0.000311824
9083,住院医师,儿科,聊城,1,100,"10,516",3,14,0,0,0,欢迎词                        在我有限的时间里发挥无限的爱心与知识，竭尽所能为了孩子的健康和快乐奋斗、努力！,0.001331305
9116,主治医师,小儿普外科,哈尔滨,1,0,"7,407",0,0,0,0,0,,0
9143,主治医师,儿内科,广州,0,200,"10,956",0,0,0,0,0,,0
9145,副主任医师,小儿心外科,北京,1,260,"11,033",0,4,0,0,1,欢迎就诊                        各位患者，我院先天性心脏病门诊已经增加周六日上午门诊，欢迎就诊。,0.000362549
9155,主治医师 讲师,小儿外科,郑州,1,50,"7,292",0,8,5,1,0,希望您能得到有效帮助！                        真心希望您的宝宝早日康复！,0.001097093
9190,副主任医师 副教授,儿科,承德,1,200,"7,090",0,0,0,0,0,,0
9197,主治医师 讲师,儿外科,泸州,1,230,"14,725",0,6,3,0,0,,0.00040747
9209,主治医师,儿科,上海,0,200,"6,811",0,0,1,0,0,,0
9212,主任医师 教授,小儿心内科,北京,1,21020,"1,098,733",7,1235,48,35,227,医生不是一个职业，而是传播爱的使者                        我是一个老的儿科工作者，1968年毕业于协和医科大学，当时学校名中国医科大学。在18年的儿科工作基础上，开展了25年的儿科心血管疾病的临床工作，其中有近3年的美国匹兹堡医学院附属儿童医院小儿心脏科的临床学习，积累了不少的临床经验。希望用我的...知识和工作经验为更多的患儿和他们的父母带来希望和快乐。不方便到医院就诊的患者，可以选择好大夫在线电话咨询服务（热线电话：4006 606 120），与我本人进行通话咨询，我会尽力帮助,0.001124022
9216,主治医师,儿科,青岛,0,200,"9,925",0,0,3,0,0,,0
9253,主治医师,小儿普外科,哈尔滨,1,240,"15,167",3,6,0,0,1,,0.000395596
9279,主治医师,小儿脑病康复科,郑州,1,430,"32,487",3,20,3,1,1,欢迎您的咨询！                        我愿竭诚为您服务！,0.000615631
9352,副主任医师,儿童保健科,安阳,1,0,"2,397",0,0,0,0,0,,0
9379,副主任医师,新生儿中心,北京,1,1598,"236,598",5,114,2,1,11,欢迎词                        尽自己所能、所长，解除您的疑问、顾虑,0.00048183
9406,主治医师,儿科,成都,0,0,643,0,0,0,0,0,,0
9440,副主任医师,小儿急诊科,成都,0,595,"12,143",0,86,0,0,0,,0.00708227
9441,副主任医师 副教授,新生儿科,武汉,1,0,"6,212",0,0,0,0,0,,0
9446,副主任医师,小儿外科,佛山,1,270,"19,372",5,5,0,0,1,欢迎词                        座右铭：用技术和爱心解除患儿的病痛。,0.000258104
9453,主任医师,儿科,抚顺,1,0,"7,705",0,0,0,0,0,,0
9462,主治医师,儿保中心,合肥,1,2045,"150,049",10,149,1,0,2,愿天下的孩子都健康成长！                        关注孩子的生长发育和健康，尤其是身材矮小，欢迎您来咨询！,0.000993009
9503,副主任医师,小儿外科,安阳,1,25,"4,122",0,5,4,0,0,,0.001213003
9531,主任医师,儿童康复科,北京,1,1885,"104,268",0,278,5,0,2,欢迎词                        欢迎来到我的网站！我将尽力为您提供儿童康复相关咨询服务！但需要您提供详尽的病史、目前状况、检查结果，最好有视频或数张照片。情况越明确，我的判断和建议将越准确、可靠，不然，请您找我看门诊。,0.002666206
9558,副主任医师,小儿心外科,北京,1,9025,"280,631",0,806,1,2,105,,0.002872099
9568,副主任医师,小儿外科,赣州,0,0,"2,313",0,0,0,0,0,,0
9642,主治医师,小儿眼科,广州,1,285,"29,366",0,11,6,0,0,,0.000374583
9689,主任医师 副教授,儿科,上海,1,2415,"149,340",2,108,9,2,9,,0.000723182
9726,主任医师 教授,小儿内科,石家庄,1,0,"4,595",0,0,10,1,0,,0
9734,主任医师,儿童保健所,南京,1,0,"54,042",0,7,1,0,0,,0.000129529
9746,主任医师 教授,儿科,上海,1,200,"11,719",0,1,4,0,0,,8.53E-05
9762,副主任医师,小儿内科,临沂,1,331,"19,063",0,8,1,0,1,小儿先天性心脏病之家                        小儿先天性心脏病介入治疗技术，是我科的技术特色，它以“不开刀、不留疤、不输血、恢复快、住院时间短、疗效好”为突出优点，广大患者就此问题提问，我们更有回答优势。,0.000419661
9773,主治医师,儿科,安阳,0,0,"2,882",0,0,0,0,0,,0
9789,副主任医师 副教授,儿科,上海,1,7928,"1,010,499",6,779,14,5,10,爱孩子                        爱孩子 患病的孩子需要更多的爱 于清是儿科大夫 也是儿童心理医生 关爱孩子 关心家长,0.000770906
9828,主治医师,儿童口腔科,北京,1,0,"41,414",0,11,5,0,0,,0.000265611
9836,主任医师 教授,儿科,巴彦淖尔,1,12979,"719,002",34,702,0,0,3,巴彦淖尔市医院-----我的爱人                        我在乎人生中随处可见的真诚和感动，我懂得珍惜生命中每一位一起走过的同事朋友，我热爱巴彦淖尔市医院。你是我心灵永远的港湾。我的爱人----巴市医院，祝你腾飞。,0.000976353
9906,主任医师 教授,小儿外科,济南,1,390,"26,386",0,16,2,1,2,,0.000606382
9908,副主任医师 副教授,儿科,上海,1,240,"63,040",0,23,10,0,0,,0.000364848
9909,主任医师 教授,小儿神经内科,安阳,1,200,"9,375",0,0,6,1,0,,0
9911,副主任医师 副教授,儿内科,青岛,1,5,"343,610",7,95,1,0,0,,0.000276476
9941,主治医师 讲师,小儿心内科,北京,1,1440,"82,598",0,57,0,0,13,,0.000690089
9964,副主任医师 副教授,儿童保健科,武汉,1,115,"2,351",0,15,1,1,0,,0.006380264
9979,主任医师 教授,儿科,北京,1,1045,"167,059",48,173,21,6,1,“知心阿姨”门诊咨询及介绍，祝小朋友能够健康快乐成...                        门诊微信公众号：zryyczlx    时光飞逝，转眼2014年即将过去！回想这一年来诊疗过的患者，虽然不能清楚的记住每一位患者的面貌，但很多患者的形象和就诊故事仍不时的出现在我脑海里。我真的希望用自己的专业知识和技能解答各位家长的疑虑...，协助家长在孩子成长的路上能够健康快乐的成长，不让一位孩子和家长遗憾！    最近张知新教授有关儿童生长发育科普知识讲座为您呈现，详情请见：生长发育第一讲：http,0.001035562
9998,副主任医师,新生儿科,济南,1,405,"36,925",0,25,3,0,1,,0.000677048
9999,副主任医师,小儿骨科,北京,1,1350,"421,364",1,394,26,8,1,,0.000935059
