,医生职称,医生所在城市,医生有无简介,总文章数,医生欢迎词,IST0_1erke,log(IST),患者满意度,城市等级,欢迎词字数,字数平方,profession_encoding,city_一线城市,city_二线城市,profession_1,profession_2,profession_3,profession_4,profession_5
0,主治医师,北京,1,0,儿童强，中国强！                        儿科大夫的使命：让每个儿童拥有良好的开端，美好的未来！,1.0,0.6931471805599453,-9.136463704660787,一线城市,59.0,3481.0,2,1,0,0,1,0,0,0
4,副主任医师,北京,1,0,0,0.613790149,0.4785855421875879,-9.864237569377982,一线城市,0.0,0.0,4,1,0,0,0,0,1,0
9,住院医师,广州,0,0,0,0.4615317920000001,0.37948505832607055,-10.097708035728196,一线城市,0.0,0.0,0,1,0,0,0,0,0,0
10,住院医师,上海,1,0,0,0.438445261,0.3635628504526262,-10.097708035728196,一线城市,0.0,0.0,0,1,0,0,0,0,0,0
14,住院医师,上海,1,0,0,0.386396427,0.3267078822376349,-8.69688523762691,一线城市,0.0,0.0,0,1,0,0,0,0,0,0
15,主治医师,北京,1,0,0,0.34873744,0.2991689252206194,-9.864237569377982,一线城市,0.0,0.0,2,1,0,0,1,0,0,0
16,住院医师,广州,1,1,0,0.344252399,0.2958380213443321,-8.989831930025316,一线城市,0.0,0.0,0,1,0,0,0,0,0,0
18,主任医师 副教授,深圳,0,3,欢迎进入我的个人网站！                        为了孩子，我们一起努力！,0.32522038600000003,0.28157877466364545,-10.097708035728196,一线城市,47.0,2209.0,5,1,0,0,0,0,0,1
19,副主任医师,上海,0,0,0,0.320705501,0.2781660642743632,-9.864237569377982,一线城市,0.0,0.0,4,1,0,0,0,0,1,0
21,主治医师,北京,1,0,0,0.304873121,0.26610581076061585,-7.762686515353803,一线城市,0.0,0.0,2,1,0,0,1,0,0,0
28,主治医师,广州,1,0,"满意的笑容即是最大的鼓励                        专注:1.药物注射治疗及微创手术治疗痔疮等肛肠疾病;2.腹腔镜微创治疗小儿疝气及鞘膜积液;3.微创手术治疗男性精索静脉曲张,隐睾,性功能障碍,前列腺增生,包茎及包皮过长等男性生殖系统疾病;4.微创手术治疗膀胱结石,输尿管中下段结石,排尿异常...等泌尿系统疾病.                                        展开 >>                 收起 <<",0.242351116,0.2170056456519776,-8.870562621056685,一线城市,234.0,54756.0,2,1,0,0,1,0,0,0
30,主治医师,上海,0,4,0,0.239305031,0.2145507636301973,-6.8885977328733885,一线城市,0.0,0.0,2,1,0,0,1,0,0,0
31,主任医师 教授,北京,1,5,你若安好便是晴天                        当今社会一个家庭一般只有一个孩子，孩子的健康就意味着一个家庭的幸福和未来，职业赋予了我们一种责任，那就是尽我们所能，带给患儿健康和希望。因此，简单问题在网站上留言与我咨询，我会尽量给您当天回复，但是有时医院工作比较忙，也有时会回复不及时，...请您谅解！如果有家长比较着急可以预约电话咨询与我一对一沟通，我会尽量与您当天通话。                                        展开 >>,0.221111725,0.19976169380893846,-6.943005807334527,一线城市,240.0,57600.0,5,1,0,0,0,0,0,1
33,主治医师,深圳,1,0,一份激情，一份守候                        我从事儿科多年，对儿科的激情未曾减少，希望我的激情及专业知识能帮助更多的人！,0.199183057,0.18164053912071768,-10.097708035728196,一线城市,71.0,5041.0,2,1,0,0,1,0,0,0
35,副主任医师,北京,1,0,0,0.196983957,0.1798050238126694,91.35968074198576,一线城市,0.0,0.0,4,1,0,0,0,0,1,0
36,主任医师 教授,广州,1,25,0,0.191590719,0.17528915313917914,-7.9093182899891294,一线城市,0.0,0.0,5,1,0,0,0,0,0,1
37,主任医师,北京,1,0,欢迎词                        欢迎来到我的网站！我将尽力为您提供儿童康复相关咨询服务！但需要您提供详尽的病史、目前状况、检查结果，最好有视频或数张照片。情况越明确，我的判断和建议将越准确、可靠，不然，请您找我看门诊。,0.18286273600000005,0.16793754783309114,-7.007867041842019,一线城市,120.0,14400.0,4,1,0,0,0,0,1,0
39,副主任医师,深圳,1,3,欢迎新老病友咨询！                        虽然网站开通将近4年，但一直疏于管理，又由于门诊时间有限，不利于患者咨询，因此重新开通网站，为医患沟通提供一条便捷通道。欢迎新老患儿咨询。,0.182003097,0.16721053911583772,-4.026842196878127,一线城市,102.0,10404.0,4,1,0,0,0,0,1,0
44,副主任医师,北京,1,17,欢迎词                        您的孩子就是我们的孩子，我们的目标是共同努力，为孩子驱走病魔，还孩子一颗健康的心脏，让孩子的世界充满阳光和欢乐！欢迎您来对孩子的病情向我咨询，我会针对孩子的病情，在12小时内给予回复，个别情况下会在24小时内给予回复，1860037291...4.希望我们的共同努力，尽可能减轻孩子们看病难的问题。咨询时请说明孩子的年龄、体重、详细症状及超声、胸片资料等，以便对孩子的病情作出及时准确的评估。我们为家庭贫困的孩子准备了爱佑基金。该基金是爱佑基金会与我们医院,0.164875435,0.15261415855423838,63.69769717065488,一线城市,255.0,65025.0,4,1,0,0,0,0,1,0
47,主治医师 讲师,北京,1,0,0,0.156924958,0.14576558698968625,-6.7470341098251065,一线城市,0.0,0.0,3,1,0,0,0,1,0,0
50,主任医师,深圳,1,4,0,0.146421652,0.13664548430392245,-5.058015914040213,一线城市,0.0,0.0,4,1,0,0,0,0,1,0
52,主治医师,北京,1,13,我的微博：http://weibo.com/lixiaofengyisheng                        ■提供胎儿心脏评估及出生后各种先心病手术治疗及微创手术的一站式咨询和服务。以爱心护心，用真心守护。■您的孩子就是我们的孩子，我们的目标是共同努力，为孩子驱走病魔，还孩子一颗健康的心脏，让孩子的世界充满阳光和欢乐！我的微博：http://w...eibo.com/lixiaofengyisheng■家庭贫困的孩子，来就诊住院的时候携带家庭贫困证明等材料，我帮助孩子们申请爱心基金救助。,0.145669513,0.13598919363060044,464.36536497349647,一线城市,255.0,65025.0,2,1,0,0,1,0,0,0
54,主任医师,北京,1,9,0,0.138430768,0.12965079483515865,199.34303513721687,一线城市,0.0,0.0,4,1,0,0,0,0,1,0
55,主任医师,上海,1,2,心血浇灌柔弱的花朵 爱心抚育如花的生命                        十月怀胎孕育你 一朝分娩生下你 今生今世爱护你 这是母亲的大爱如果孕期胎儿有发育异常 我可以为您做发育异常胎儿的产前咨询 解除您的焦虑是我愿意做的初为人父母 新生的宝宝让您感到手忙脚乱 我可以为您做新生儿营养 发育 睡眠 早教及疾病诊治...等方面指导 您的宝宝健康聪明是我希望看到的                                        展开 >>                 收起 <<,0.137937049,0.12921701695088658,-9.630767103027763,一线城市,252.0,63504.0,4,1,0,0,0,0,1,0
60,副主任医师,广州,1,5,儿童心脏病的交流平台                        欢迎儿童心脏病患者的咨询，希望通过好大夫的在线平台，提供心脏病诊治的相关信息。1、对于已经找我面诊过得患者（尤其是外地患者），不方便复诊或病情发生变化时，可直接申请电话咨询与我一对一进行深度咨询;2、没有就诊过的患者，可以通过在线咨询的...方式向我咨询有关先心病的相关问题，由于医院工作繁忙，可能不能及时给您回复，请理解。如果希望尽快与我沟通，可以申请电话咨询服务，我将尽量当天与您通话;3、 如果您想找我当面就诊，可直接通过预约转诊进行申,0.128507831,0.1208962565513322,155.82113915557306,一线城市,255.0,65025.0,4,1,0,0,0,0,1,0
61,主任医师 教授,北京,1,8,欢迎词                        楊奶奶祝愿过敏性紫癜、过敏性鼻炎…患过敏症的孩子们早日康复、健康成长！,0.128242969,0.12066152793068335,-4.9333615966122855,一线城市,62.0,3844.0,5,1,0,0,0,0,0,1
62,主治医师,上海,1,21,嘉定中医儿科                        陈氏儿科传人，中医儿科陶红工作室成员，师从嘉定儿科名医陶红医师。擅长中西医结合治疗反复呼吸道感染、急慢性支气管炎、哮喘、厌食、盗汗、性早熟等。,0.12414737,0.11702485497670335,-9.864237569377982,一线城市,101.0,10201.0,2,1,0,0,1,0,0,0
64,主任医师 教授,北京,1,8,各位先心病患儿家长：您好，欢迎来到我的个人网站！                        我的服务宗旨是：让更多的先心病患儿获得适宜的诊断和处理——需要治疗的得到及时有效的治疗，可以不治疗的一定要避免不必要的处理。为了节省病人，尤其是京外病人家长的时间精力和就诊费用，建议可以先通过好大夫网站我的网页咨询或通过好大夫在线电话咨询希...望解决的问题（热线电话：4006 606 120）。通过对话交流，选择合适的时机再来医院就诊（有一些患儿并不需要立即来医院看病）。如的确需要来医院就诊，可采取转诊预约，,0.117303343,0.11091805260104763,138.86609596321665,一线城市,255.0,65025.0,5,1,0,0,0,0,0,1
65,副主任医师,北京,1,3,治病救人，医者仁心                        阜外心血管病医院是我国最大的心血管病诊治中心，外科年手术例数超过1万例。作为国家心脏中心，在中国心血管疾病的预防、治疗、科研和教学工作中发挥核心作用。    我院小儿外科中心是国内最大的先心病外科中心，年手术量3000例左右。各种先心病手...术成功率高。    希望在网上平台为更多患儿提供帮助！                                        展开 >>                 收起 <<,0.116728455,0.11040338847388136,47.09310159000422,一线城市,249.0,62001.0,4,1,0,0,0,0,1,0
66,副主任医师,上海,1,0,0,0.111354058,0.10557914395691796,-9.01719439569201,一线城市,0.0,0.0,4,1,0,0,0,0,1,0
69,主治医师,北京,0,6,欢迎词                        有时是治愈，常常是安慰，总是去帮助。用我的业余时间告诉您在医院里的医生无暇告诉您的事情。,0.106305237,0.10102584784486623,-8.902993238310428,一线城市,71.0,5041.0,2,1,0,0,1,0,0,0
70,主治医师 讲师,北京,1,2,八一儿外科，儿外科精品                        北京军区总医院附属八一儿童医院小儿泌尿外科，腹腔镜微创治疗为特色。,0.106259318,0.10098434035537596,35.888931935305024,一线城市,68.0,4624.0,3,1,0,0,0,1,0,0
72,主任医师 教授,上海,1,8,0,0.102618933,0.09768819825765658,575.6120707785551,一线城市,0.0,0.0,5,1,0,0,0,0,0,1
77,副主任医师 副教授,上海,1,4,欢迎来到上海儿童医院儿童保健所咨询张金凤医生                        感谢您对我的信任，我愿尽我所能解答您的问题，希望能对您有所帮助。,0.097688907,0.09320697598456774,-8.902993238310428,一线城市,78.0,6084.0,5,1,0,0,0,0,0,1
79,主任医师 教授,上海,1,7,0,0.095007097,0.09076084452599956,629.9680499105888,一线城市,0.0,0.0,5,1,0,0,0,0,0,1
82,主任医师 副教授,广州,1,7,0,0.094111581,0.08994269240025826,63.11901421167457,一线城市,0.0,0.0,5,1,0,0,0,0,0,1
85,主任医师,深圳,1,0,0,0.091816799,0.08784309676482616,-4.352536363402523,一线城市,0.0,0.0,4,1,0,0,0,0,1,0
90,主任医师,上海,1,0,欢迎词                        康复一人，幸福全家。,0.090112248,0.08628067075550877,5.75421034564013,一线城市,37.0,1369.0,4,1,0,0,0,0,1,0
92,副主任医师,上海,1,11,0,0.08686511400000001,0.0832975102828582,67.07141969088009,一线城市,0.0,0.0,4,1,0,0,0,0,1,0
94,副主任医师,北京,1,5,0,0.08558302400000001,0.08211719198073685,-6.215231942617189,一线城市,0.0,0.0,4,1,0,0,0,0,1,0
103,主治医师,北京,0,2,老老实实做事，踏踏实实做人，一切从心开始                        清华大学第一附属医院心脏中心小儿科是由国内著名心脏外科专家吴清玉教授和国内著名的心律失常专家李小梅教授带领的团队。年手术量八百余台，主要以各种复杂先心病为主，同时药物以及射频消融治疗各种心律失常。,0.082094903,0.07889888729881665,-3.9775022740040304,一线城市,142.0,20164.0,2,1,0,0,1,0,0,0
110,副主任医师,上海,1,6,0,0.078513953,0.07558412417646011,-7.241337508192233,一线城市,0.0,0.0,4,1,0,0,0,0,1,0
112,主任医师 教授,北京,1,7,医生不是一个职业，而是传播爱的使者                        我是一个老的儿科工作者，1968年毕业于协和医科大学，当时学校名中国医科大学。在18年的儿科工作基础上，开展了25年的儿科心血管疾病的临床工作，其中有近3年的美国匹兹堡医学院附属儿童医院小儿心脏科的临床学习，积累了不少的临床经验。希望用我的...知识和工作经验为更多的患儿和他们的父母带来希望和快乐。不方便到医院就诊的患者，可以选择好大夫在线电话咨询服务（热线电话：4006 606 120），与我本人进行通话咨询，我会尽力帮助,0.077091456,0.07426431193202182,224.44344961365314,一线城市,255.0,65025.0,5,1,0,0,0,0,0,1
113,副主任医师,上海,1,18,欢迎咨询                        本人于2013年10月13日上午九点至11点在新华医院便民服务中心义诊，无需特殊检查或检查较完备的疾病患儿可前来咨询，谢谢！大家好！我们小儿泌尿外科专业尽一切可能为病家提供方便，比如每天都能有泌尿外科医生出诊（普通门诊、专家门诊或特需...门诊）；在特别忙的时间段内开展周六手术，解决住院难等。但专家门诊挂号还是非常困难，如您孩子的确病情急或外地来上海，请等在后面，我们会给你孩子看的，但不能插队。敬请谅解。鼓励大家看小儿泌尿专科门诊（周二下午、周三上午,0.077047657,0.07422364696313312,63.017241521080216,一线城市,255.0,65025.0,4,1,0,0,0,0,1,0
120,主任医师 副教授,北京,1,3,0,0.07278956,0.07026232139435579,-6.187869476950495,一线城市,0.0,0.0,5,1,0,0,0,0,0,1
123,主治医师,广州,1,0,0,0.071892417,0.06942570033636247,-9.864237569377982,一线城市,0.0,0.0,2,1,0,0,1,0,0,0
125,主任医师 教授,北京,1,48,“知心阿姨”门诊咨询及介绍，祝小朋友能够健康快乐成...                        门诊微信公众号：zryyczlx    时光飞逝，转眼2014年即将过去！回想这一年来诊疗过的患者，虽然不能清楚的记住每一位患者的面貌，但很多患者的形象和就诊故事仍不时的出现在我脑海里。我真的希望用自己的专业知识和技能解答各位家长的疑虑...，协助家长在孩子成长的路上能够健康快乐的成长，不让一位孩子和家长遗憾！    最近张知新教授有关儿童生长发育科普知识讲座为您呈现，详情请见：生长发育第一讲：http,0.07102441799999999,0.06861559045874724,-3.3537932634941736,一线城市,255.0,65025.0,5,1,0,0,0,0,0,1
128,主任医师 教授,广州,1,0,0,0.07004679700000001,0.0677023830314638,-9.39729663667755,一线城市,0.0,0.0,5,1,0,0,0,0,0,1
130,主任医师 教授,上海,1,3,一切为了孩子                        一切为了孩子!,0.06954481400000001,0.06723315048574831,6.578959205246456,一线城市,37.0,1369.0,5,1,0,0,0,0,0,1
133,主治医师,北京,1,0,0,0.068549822,0.06630242267316859,-9.136463704660642,一线城市,0.0,0.0,2,1,0,0,1,0,0,0
135,主任医师 教授,北京,1,4,0,0.067112564,0.06495646253789553,20.77183087698192,一线城市,0.0,0.0,5,1,0,0,0,0,0,1
136,副主任医师,广州,1,1,托起明天的太阳。                        在我还不算太长的医生生涯里，听到最多的是这句话：“看病难，看专科病更难！”。虽然我的知识和精力有限，但我愿尽绵薄之力。求医寻治之路，对于患者和医者，有时候都是一样的困难旅程。共同寻获答案时，患者将获得正确的医治，而医者则获得知识与经验的升...华。一路行来，有困惑也有迷茫，最终选择执着。                                        展开 >>                 收起 <<,0.067058805,0.06490608326583495,199.2409919907409,一线城市,243.0,59049.0,4,1,0,0,0,0,1,0
140,主任医师 副教授,北京,1,0,阜外医院16病区                        欢迎广大先天性心脏病患者及家属咨询和到阜外心血管病医院就诊，我定将竭力为您和您的家人服务，祝福所有先心病患者！,0.06418449,0.0622087687457915,7.97332585777374,一线城市,87.0,7569.0,5,1,0,0,0,0,0,1
141,副主任医师,北京,1,1,0,0.064131331,0.062158814693402724,-1.8931773824724585,一线城市,0.0,0.0,4,1,0,0,0,0,1,0
143,主任医师,上海,1,23,明年我不再出门诊                        无论什么样的语言也表达不了我对你们感恩的心，感谢广大家长的信任，使我坚守这个与你们交流沟通的阵地。长期以来和你们一起探讨宝宝的营养和生长问题，也使我得益匪浅。对我长期致力于儿童保健营养工作岗位的一位普通医生，虽然不能完全解决家长育儿的所有困...惑，但能够有机会把一生所学奉献大家，完成我此生关爱孩子的使命，是无限快乐和幸福的。以后虽然没有机会多交流了，我想以后会创造其他机会把我的保健知识和各位家长共同分享。辞旧迎新之际衷心祝愿宝宝幸福成长！祝,0.062780333,0.060888429839567576,104.55012915621286,一线城市,255.0,65025.0,4,1,0,0,0,0,1,0
146,主治医师,上海,0,0,0,0.061139697,0.05934351637470733,-9.864237569377982,一线城市,0.0,0.0,2,1,0,0,1,0,0,0
148,主任医师,广州,1,0,0,0.059327603,0.057634370054817176,0.4587534435222913,一线城市,0.0,0.0,4,1,0,0,0,0,1,0
157,住院医师,广州,0,15,0,0.05562479,0.054132809645627035,-9.864237569377982,一线城市,0.0,0.0,0,1,0,0,0,0,0,0
162,主任医师,广州,1,0,再次起航                        近两年来，忙于医院的美国JCI国际认证和人民卫生出版社、人民军医出版社的书籍编写，对网站的咨询和回复有所忽略，给患儿家属带来很多不便，对此我深表歉意。现在各方面的工作都取得了卓越的成绩，能够腾出更多的时间关注好大夫等网络的咨询，可以使更多患...儿家属不用再来回奔波于就医路途中，尤其是许多省外的家长。在这里，谢谢给我帮助和鼓励的患儿及其家长，正是你们的支持和要求，给了我动力更加重视网络咨询和回复。请多联系，让我知道你们和孩子，就诊后确实从我这得到帮助,0.053563409000000006,0.05217814134499018,4.673696705603948,一线城市,255.0,65025.0,4,1,0,0,0,0,1,0
163,主治医师,上海,1,1,0,0.053250933,0.051881507706171635,-8.522890997324884,一线城市,0.0,0.0,2,1,0,0,1,0,0,0
164,副主任医师 副教授,上海,1,6,爱孩子                        爱孩子 患病的孩子需要更多的爱 于清是儿科大夫 也是儿童心理医生 关爱孩子 关心家长,0.052872888,0.05152251171525156,3.516480677026971,一线城市,69.0,4761.0,5,1,0,0,0,0,0,1
167,副主任医师,上海,0,0,0,0.051507701,0.0502250399569082,-7.323108048320067,一线城市,0.0,0.0,4,1,0,0,0,0,1,0
170,主任医师 副教授,上海,1,2,0,0.049599702,0.04840885528996432,0.947988690302366,一线城市,0.0,0.0,5,1,0,0,0,0,0,1
173,副主任医师,北京,1,1,0,0.048788786,0.0476359611905112,-8.289420530974674,一线城市,0.0,0.0,4,1,0,0,0,0,1,0
176,副主任医师,广州,1,0,0,0.048333591,0.04720184727122738,-9.864237569377982,一线城市,0.0,0.0,4,1,0,0,0,0,1,0
177,主任医师 教授,广州,1,43,早产儿之舟俱乐部在珠江新城欢迎你的加入！！！                        服务内容重点服务对象为早产儿，定期开办早产儿之舟俱乐部，欢迎您的加入。建立个人档案跟踪监测：定期进行体格发育、神经运动发育、行为及气质测查与指导系统干预训练：特殊儿童抚触、婴儿抚触、婴儿被动体操、各年龄段适宜运动训练（大运动、精细运动...、视听刺激、语言训练、行为培养）等个性化服务：一对一营养及保健指导，解决宝宝成长过程中家长面临的种种难题。,0.048043687,0.046925271098712695,-5.112740845373606,一线城市,219.0,47961.0,5,1,0,0,0,0,0,1
178,主治医师 讲师,北京,1,0,0,0.04733003,0.04624409711833426,2.3984682681499963,一线城市,0.0,0.0,3,1,0,0,0,1,0,0
179,副主任医师,北京,1,5,欢迎词                        让孩子们都健康成长！,0.047270369000000007,0.046187130643922616,-6.019260245107768,一线城市,37.0,1369.0,4,1,0,0,0,0,1,0
187,主治医师,北京,0,0,欢迎广大患友咨询有关心脏外科冠心病、风湿性瓣膜病、...                        可咨询有关心脏外科小儿先天性心脏病问题 手术及术后复查,0.042714019000000006,0.04182694762568507,-6.5135636434748925,一线城市,79.0,6241.0,2,1,0,0,1,0,0,0
190,住院医师,上海,1,0,0,0.042284443,0.041414884006543286,-10.097708035728196,一线城市,0.0,0.0,0,1,0,0,0,0,0,0
202,副主任医师 副教授,上海,1,0,0,0.039608521,0.03884422017330831,-7.474807974542446,一线城市,0.0,0.0,5,1,0,0,0,0,0,1
210,主任医师 教授,北京,1,1,我的愿望                        愿所有的患儿得到最好的治疗！,0.035352802,0.03474224013142697,-4.1785421231005015,一线城市,42.0,1764.0,5,1,0,0,0,0,0,1
212,住院医师,上海,0,0,0,0.034609109,0.03402368291735762,-9.864237569377982,一线城市,0.0,0.0,0,1,0,0,0,0,0,0
215,副主任医师 副教授,广州,1,0,0,0.033822302,0.033262906385184685,-7.1494306648903025,一线城市,0.0,0.0,5,1,0,0,0,0,0,1
216,主治医师,北京,0,0,0,0.033769259,0.03321159741196951,-9.864237569377982,一线城市,0.0,0.0,2,1,0,0,1,0,0,0
217,住院医师,北京,1,0,0,0.033680126,0.03312537232641055,-10.097708035728196,一线城市,0.0,0.0,0,1,0,0,0,0,0,0
220,主任医师,上海,1,3,"关爱孩子牙齿健康                        ""热心、耐心、爱心、细心”是我的追求，您孩子“健康的牙齿，甜美的微笑”是对我最大的褒奖。",0.033093764,0.032557954653321765,3.50939081770848,一线城市,76.0,5776.0,4,1,0,0,0,0,1,0
221,副主任医师,北京,1,5,欢迎词                        尽自己所能、所长，解除您的疑问、顾虑,0.033046483,0.03251218718901057,1.0895523133506475,一线城市,45.0,2025.0,4,1,0,0,0,0,1,0
223,主任医师,北京,1,0,0,0.03159384,0.031105023700516318,-8.930355703977124,一线城市,0.0,0.0,4,1,0,0,0,0,1,0
235,副主任医师,上海,1,0,0,0.026814726,0.026461511555950244,-6.215548799489437,一线城市,0.0,0.0,4,1,0,0,0,0,1,0
239,主治医师,北京,0,0,0,0.025952763,0.02562170572769261,-10.097708035728196,一线城市,0.0,0.0,2,1,0,0,1,0,0,0
240,主治医师,广州,1,0,0,0.025690902,0.025366436251916504,-8.69688523762691,一线城市,0.0,0.0,2,1,0,0,1,0,0,0
241,住院医师,深圳,0,0,0,0.025269091,0.02495510594085541,-10.097708035728196,一线城市,0.0,0.0,0,1,0,0,0,0,0,0
242,主任医师 教授,广州,1,11,欢迎词                        为人父母虽然辛苦，但是在你满足宝宝的需求过程当中，你也同时得到宝宝对你完全的爱及信任。随着孩子一天天的长大，透过孩子的眼睛，你们将重新再认识发现这个世界。也只有你们 ─ 宝宝的父母，可以提供他无条件的爱，安全的环境，良好的保健，滋养他的自信...，教导他享受人生。                                        展开 >>                 收起 <<,0.02517362,0.02486198361214384,-8.463414771276696,一线城市,226.0,51076.0,5,1,0,0,0,0,0,1
243,副主任医师 副教授,上海,1,0,0,0.025023214,0.024715260138791887,-7.763003372226052,一线城市,0.0,0.0,5,1,0,0,0,0,0,1
244,副主任医师 副教授,上海,1,2,0,0.024954539,0.02464825941166186,-7.7951171326075475,一线城市,0.0,0.0,5,1,0,0,0,0,0,1
245,副主任医师,北京,1,0,欢迎就诊                        各位患者，我院先天性心脏病门诊已经增加周六日上午门诊，欢迎就诊。,0.024865536,0.024561419594702868,-9.136463704660642,一线城市,60.0,3600.0,4,1,0,0,0,0,1,0
248,副主任医师 副教授,上海,1,6,0,0.023965069,0.023682413730790643,-9.39729663667755,一线城市,0.0,0.0,5,1,0,0,0,0,0,1
252,副主任医师,北京,1,0,0,0.021856726,0.021621292130126087,-6.508495491887842,一线城市,0.0,0.0,4,1,0,0,0,0,1,0
260,住院医师,北京,1,0,0,0.019366875,0.01918172379117377,-9.136463704660642,一线城市,0.0,0.0,0,1,0,0,0,0,0,0
264,副主任医师,广州,1,0,0,0.018667764,0.018495659860715045,-8.256989913720924,一线城市,0.0,0.0,4,1,0,0,0,0,1,0
266,主任医师 教授,上海,1,0,0,0.018321855,0.018156032206161986,-6.801759041158503,一线城市,0.0,0.0,5,1,0,0,0,0,0,1
267,主治医师,北京,1,0,0,0.018217005,0.018053063387690586,-8.930355703977124,一线城市,0.0,0.0,2,1,0,0,1,0,0,0
270,副主任医师,上海,1,0,0,0.016238988,0.016108545904815166,-9.39729663667755,一线城市,0.0,0.0,4,1,0,0,0,0,1,0
274,主治医师,北京,1,17,"欢迎您                        尊敬的网友：欢迎您浏览我的好大夫个人网页！从走向医学殿堂伊始，成为一名优秀的好大夫是我的人生追求。虽年资不高，但我在坚持不懈的努力，并在繁忙的工作之余时常关注着国际相关医术新进展，不断的提高和完善自我。我会不断地通过发表文章的形式，把...过敏性疾病朋友普遍关注的问题给予阐述，提供咨询和帮助!您也可以通过提问的方式把您的疑问发给我！总之，有过敏性疾病烦恼的朋友，请到这里来，我会竭尽全力给您满意答复！愿通过我们的共同努力,战胜过敏,远离过敏!(特此声明:",0.015187078,0.015072908810633737,-8.669522771960214,一线城市,255.0,65025.0,2,1,0,0,1,0,0,0
276,主治医师,上海,1,0,0,0.01487268,0.01476316620204829,-6.801759041158503,一线城市,0.0,0.0,2,1,0,0,1,0,0,0
277,主任医师 教授,广州,1,5,我是艺术家                        作为一个儿科医生，当然也是一个“艺术家”，我很想为你分忧，聆听你的倾述，给你专业的指导意见，欢迎你！,0.014384138,0.014281667748914931,-6.9805045761753215,一线城市,79.0,6241.0,5,1,0,0,0,0,0,1
281,住院医师,北京,1,0,0,0.01279339,0.012712245925181827,-10.097708035728196,一线城市,0.0,0.0,0,1,0,0,0,0,0,0
283,主任医师 教授,上海,1,0,0,0.01238711,0.012311017486086756,-9.630767103027763,一线城市,0.0,0.0,5,1,0,0,0,0,0,1
287,副主任医师,北京,1,0,0,0.011825063,0.011755693274582864,-8.463414771276696,一线城市,0.0,0.0,4,1,0,0,0,0,1,0
294,主任医师,北京,1,0,0,0.009564268,0.009518819943943413,-8.436052305610001,一线城市,0.0,0.0,4,1,0,0,0,0,1,0
296,副主任医师 副教授,上海,1,0,0,0.009448322,0.009403965781367379,-8.902993238310428,一线城市,0.0,0.0,5,1,0,0,0,0,0,1
308,主治医师,上海,1,0,0,0.007287013,0.007260591001422789,-9.163826170327335,一线城市,0.0,0.0,2,1,0,0,1,0,0,0
312,主管技师,广州,1,4,0,0.00669779,0.006675459459284275,-10.097708035728196,一线城市,0.0,0.0,0,1,0,0,0,0,0,0
315,主任医师 教授,上海,1,0,0,0.005852493,0.005835433690142771,-9.163826170327335,一线城市,0.0,0.0,5,1,0,0,0,0,0,1
325,副主任医师,广州,1,0,0,0.004581521,0.004571057778803293,-9.864237569377982,一线城市,0.0,0.0,4,1,0,0,0,0,1,0
329,主任医师 副教授,深圳,1,0,0,0.0034784890000000004,0.0034724530504113213,-8.930355703977124,一线城市,0.0,0.0,5,1,0,0,0,0,0,1
331,副主任医师,上海,1,1,0,0.0028244190000000003,0.0028204378232353365,-9.39729663667755,一线城市,0.0,0.0,4,1,0,0,0,0,1,0
332,主任医师,广州,1,0,0,0.00275178,0.002748000784874011,-9.864237569377982,一线城市,0.0,0.0,4,1,0,0,0,0,1,0
335,主治医师,北京,0,0,0,0.0,0.0,-10.097708035728196,一线城市,0.0,0.0,2,1,0,0,1,0,0,0
343,副主任医师,深圳,0,0,0,0.0,0.0,-9.864237569377982,一线城市,0.0,0.0,4,1,0,0,0,0,1,0
344,副主任医师,上海,1,0,0,0.0,0.0,-10.097708035728196,一线城市,0.0,0.0,4,1,0,0,0,0,1,0
350,住院医师,深圳,0,0,0,0.0,0.0,-10.097708035728196,一线城市,0.0,0.0,0,1,0,0,0,0,0,0
357,副主任医师,广州,1,0,0,0.0,0.0,-10.097708035728196,一线城市,0.0,0.0,4,1,0,0,0,0,1,0
360,住院医师,上海,0,0,0,0.0,0.0,-10.097708035728196,一线城市,0.0,0.0,0,1,0,0,0,0,0,0
371,主治医师,广州,1,1,0,0.0,0.0,-9.630767103027763,一线城市,0.0,0.0,2,1,0,0,1,0,0,0
373,副主任医师,北京,1,0,0,0.0,0.0,-8.902993238310428,一线城市,0.0,0.0,4,1,0,0,0,0,1,0
380,住院医师,北京,1,0,0,0.0,0.0,-9.630767103027763,一线城市,0.0,0.0,0,1,0,0,0,0,0,0
382,住院医师,深圳,0,0,0,0.0,0.0,-10.097708035728196,一线城市,0.0,0.0,0,1,0,0,0,0,0,0
394,副主任医师,深圳,1,0,0,0.0,0.0,-9.864237569377982,一线城市,0.0,0.0,4,1,0,0,0,0,1,0
406,主治医师 讲师,上海,1,0,0,0.0,0.0,-9.864237569377982,一线城市,0.0,0.0,3,1,0,0,0,1,0,0
408,副主任医师,北京,1,2,0,0.0,0.0,-10.097708035728196,一线城市,0.0,0.0,4,1,0,0,0,0,1,0
412,主治医师,上海,1,0,0,0.0,0.0,-9.630767103027763,一线城市,0.0,0.0,2,1,0,0,1,0,0,0
417,主治医师,上海,1,0,小儿脑血管病                        小儿脑血管病发病率不高，但专职医师更少，本专栏为全国脑血管病的患儿提供一个咨询的平台。,0.0,0.0,-8.669522771960214,一线城市,73.0,5329.0,2,1,0,0,1,0,0,0
424,主治医师,深圳,0,0,0,0.0,0.0,-10.097708035728196,一线城市,0.0,0.0,2,1,0,0,1,0,0,0
426,副主任医师 副教授,广州,1,0,0,0.0,0.0,-10.097708035728196,一线城市,0.0,0.0,5,1,0,0,0,0,0,1
430,副主任医师 副教授,北京,1,0,0,0.0,0.0,-9.864237569377982,一线城市,0.0,0.0,5,1,0,0,0,0,0,1
436,副主任医师,广州,1,0,0,0.0,0.0,-10.097708035728196,一线城市,0.0,0.0,4,1,0,0,0,0,1,0
439,副主任医师,北京,1,0,0,0.0,0.0,-9.864237569377982,一线城市,0.0,0.0,4,1,0,0,0,0,1,0
442,主治医师,广州,0,0,0,0.0,0.0,-10.097708035728196,一线城市,0.0,0.0,2,1,0,0,1,0,0,0
444,主治医师,上海,0,0,0,0.0,0.0,-9.864237569377982,一线城市,0.0,0.0,2,1,0,0,1,0,0,0
