,医生职称,医生所在城市,医生有无简介,总文章数,患者投票数,感谢信数,心意礼物数,医生欢迎词,IST0_1erke
0,主治医师,北京,1,0,0,0,1,儿童强，中国强！                        儿科大夫的使命：让每个儿童拥有良好的开端，美好的未来！,1.0
1,主治医师,成都,0,5,1,1,0,专业有爱的儿科医生                        作为一位女儿的爸爸，我深深地理解每一位家长在孩子生病后的心情，上班时间没有没有沟通到位的，我会利用闲暇时间在网上答疑。当然，医学博大精深，也有许多我解决不了的问题，但我一定能给你正确的引导。,0.9946027470000001
2,住院医师,青岛,0,12,0,2,2,山东大学齐鲁医院（青岛）儿外科竭诚为每一位患儿服务...                        山东大学齐鲁医院（青岛）小儿外科竭诚为每一位患儿服务。您的提问我会在2个工作日内回复，如因假期、值班等延误，敬请见谅。,0.779988817
3,主任医师,济南,1,1,10,1,0,,0.682372168
4,副主任医师,北京,1,0,1,0,0,,0.613790149
5,副主任医师,青岛,1,11,2,0,0,,0.568266256
6,住院医师,青岛,0,0,0,0,0,,0.540954998
7,副主任医师,成都,0,0,0,0,0,,0.48574005299999995
8,副主任医师 副教授,济南,1,0,4,0,0,,0.485732053
9,住院医师,广州,0,0,0,0,0,,0.46153179200000005
10,住院医师,上海,1,0,0,0,0,,0.43844526100000003
11,副主任医师 副教授,武汉,1,0,1,1,0,,0.437592721
12,主任医师 教授,重庆,1,0,2,0,0,,0.410072516
13,副主任医师,石家庄,1,5,0,0,0,秉承业精于勤之古训，服务于广大患儿。                        愿小朋友们健康、快乐地成长。,0.398918247
14,住院医师,上海,1,0,6,0,0,,0.38639642700000004
15,主治医师,北京,1,0,1,0,0,,0.34873744
16,住院医师,广州,1,1,0,1,1,,0.344252399
17,主治医师,日照,0,3,0,0,0,,0.340624851
18,主任医师 副教授,深圳,0,3,0,0,0,欢迎进入我的个人网站！                        为了孩子，我们一起努力！,0.32522038600000003
19,副主任医师,上海,0,0,1,0,0,,0.320705501
20,副主任医师 副教授,成都,1,0,15,3,0,,0.31653213399999997
21,主治医师,北京,1,0,4,3,1,,0.304873121
22,主治医师,安庆,0,0,0,0,0,健康童年                        希望能给家长朋友们一些帮助，有关小儿疝气，包茎，隐睾，肠套叠，先天性巨结肠，先天性胆总管囊肿等方面的问题，可以留言咨询。,0.299936002
23,副主任医师 副教授,成都,1,0,4,2,2,,0.287249981
24,副主任医师,娄底,1,0,0,0,0,解答婴幼儿医疗疑问                        很感谢好大夫在线为我建立个人网站，能更好与婴幼儿的家长沟通，在培育宝宝的生活中会遇到不少问题，我们可以共同探讨，我是一个照料孙宝宝的医生奶奶，结合近四十年的医疗经验能为大家解决一些疑问，我会很高兴。因时间关系，上网和回答问题会不及时，请原谅...！                                        展开 >>                 收起 <<,0.278123949
25,主任医师,黄冈,1,3,3,0,0,,0.274004227
26,副主任医师,温州,1,0,2,0,0,欢迎词                        让我们一起关注儿童健康事业！,0.272318526
27,副主任医师,福州,1,5,1,0,2,欢迎词                        希望能帮助到更多孩子解决生长发育的问题，成就孩子梦想的高度。,0.24917143
28,主治医师,广州,1,0,4,2,0,"满意的笑容即是最大的鼓励                        专注:1.药物注射治疗及微创手术治疗痔疮等肛肠疾病;2.腹腔镜微创治疗小儿疝气及鞘膜积液;3.微创手术治疗男性精索静脉曲张,隐睾,性功能障碍,前列腺增生,包茎及包皮过长等男性生殖系统疾病;4.微创手术治疗膀胱结石,输尿管中下段结石,排尿异常...等泌尿系统疾病.                                        展开 >>                 收起 <<",0.242351116
29,主任医师,厦门,1,7,1,0,0,刘登礼博士个人网站开通了！                        如您的孩子有什么不适，欢迎家长朋友咨询！,0.239948802
30,主治医师,上海,0,4,9,1,1,,0.239305031
31,主任医师 教授,北京,1,5,11,4,0,你若安好便是晴天                        当今社会一个家庭一般只有一个孩子，孩子的健康就意味着一个家庭的幸福和未来，职业赋予了我们一种责任，那就是尽我们所能，带给患儿健康和希望。因此，简单问题在网站上留言与我咨询，我会尽量给您当天回复，但是有时医院工作比较忙，也有时会回复不及时，...请您谅解！如果有家长比较着急可以预约电话咨询与我一对一沟通，我会尽量与您当天通话。                                        展开 >>,0.221111725
32,主治医师 讲师,武汉,1,0,0,0,0,,0.204742137
33,主治医师,深圳,1,0,0,0,0,一份激情，一份守候                        我从事儿科多年，对儿科的激情未曾减少，希望我的激情及专业知识能帮助更多的人！,0.199183057
34,副主任技师,重庆,0,0,0,0,1,,0.197036198
35,副主任医师,北京,1,0,1,2,105,,0.196983957
36,主任医师 教授,广州,1,25,4,2,1,,0.191590719
37,主任医师,北京,1,0,5,0,2,欢迎词                        欢迎来到我的网站！我将尽力为您提供儿童康复相关咨询服务！但需要您提供详尽的病史、目前状况、检查结果，最好有视频或数张照片。情况越明确，我的判断和建议将越准确、可靠，不然，请您找我看门诊。,0.18286273600000003
38,住院医师,咸阳,0,0,0,0,0,,0.182650775
39,副主任医师,深圳,1,3,14,6,2,欢迎新老病友咨询！                        虽然网站开通将近4年，但一直疏于管理，又由于门诊时间有限，不利于患者咨询，因此重新开通网站，为医患沟通提供一条便捷通道。欢迎新老患儿咨询。,0.182003097
40,主治医师 讲师,哈尔滨,0,2,1,0,0,雾化吸入及灌肠在大部分呼吸道患儿的广泛应用                        能用一些简单的方法治疗及治愈患儿尽可能降低不必要的吃药、打针等对患儿有损伤的治疗我们需要努力为患儿保驾护航,0.179039753
41,副主任医师,天津,1,19,55,20,3,斜视治疗是一门医术，更是一门艺术                        与家长分享斜视的国际治疗理念将患儿当做自己的孩子一样治疗,0.173965092
42,主治医师,成都,1,1,0,0,0,,0.172976963
43,副主任医师,南阳,1,1,1,1,0,,0.166631112
44,副主任医师,北京,1,17,62,44,55,欢迎词                        您的孩子就是我们的孩子，我们的目标是共同努力，为孩子驱走病魔，还孩子一颗健康的心脏，让孩子的世界充满阳光和欢乐！欢迎您来对孩子的病情向我咨询，我会针对孩子的病情，在12小时内给予回复，个别情况下会在24小时内给予回复，1860037291...4.希望我们的共同努力，尽可能减轻孩子们看病难的问题。咨询时请说明孩子的年龄、体重、详细症状及超声、胸片资料等，以便对孩子的病情作出及时准确的评估。我们为家庭贫困的孩子准备了爱佑基金。该基金是爱佑基金会与我们医院,0.164875435
45,主任医师 教授,济南,1,0,17,10,41,,0.16372034
46,主治医师,济宁,1,0,5,0,0,大家好                        欢迎进入我的网站，能为你服务是我的荣幸，祝宝宝早日康复，快乐幸福！！因为工作比较繁忙，可能无法及时回复大家的信息，如果大家能等待的，我会尽量抽时间来回复，如果不能等待的，建议及时就诊，不要延误病情，对于给大家造成的困扰非常抱歉！！请大家理...解，谅解！！                                        展开 >>                 收起 <<,0.15965083900000002
47,主治医师 讲师,北京,1,0,2,0,3,,0.156924958
48,主治医师,郑州,0,3,3,3,0,,0.151245176
49,副主任医师,天津,1,2,15,8,0,,0.150118304
50,主任医师,深圳,1,4,1,0,5,,0.14642165199999999
51,副主任医师,安阳,0,0,0,0,0,,0.146319554
52,主治医师,北京,1,13,12,11,489,我的微博：http://weibo.com/lixiaofengyisheng                        ■提供胎儿心脏评估及出生后各种先心病手术治疗及微创手术的一站式咨询和服务。以爱心护心，用真心守护。■您的孩子就是我们的孩子，我们的目标是共同努力，为孩子驱走病魔，还孩子一颗健康的心脏，让孩子的世界充满阳光和欢乐！我的微博：http://w...eibo.com/lixiaofengyisheng■家庭贫困的孩子，来就诊住院的时候携带家庭贫困证明等材料，我帮助孩子们申请爱心基金救助。,0.145669513
53,主任医师 副教授,天津,1,1,156,62,124,欢迎词                        欢迎患者使用医指通预约挂号医指通网站预约:www.eztcn.com市内电话预约：400-6511-800异地患者专线：022-26690818,0.139521993
54,主任医师,北京,1,9,37,19,206,,0.138430768
55,主任医师,上海,1,2,2,0,0,心血浇灌柔弱的花朵 爱心抚育如花的生命                        十月怀胎孕育你 一朝分娩生下你 今生今世爱护你 这是母亲的大爱如果孕期胎儿有发育异常 我可以为您做发育异常胎儿的产前咨询 解除您的焦虑是我愿意做的初为人父母 新生的宝宝让您感到手忙脚乱 我可以为您做新生儿营养 发育 睡眠 早教及疾病诊治...等方面指导 您的宝宝健康聪明是我希望看到的                                        展开 >>                 收起 <<,0.137937049
56,主任医师 教授,开封,1,3,5,0,0,,0.132769895
57,主任医师 教授,天津,1,0,47,18,6,欢迎辞                        热忱欢迎各位患者前来就医，我愿以良好的医德、竭尽所能为您诊治。,0.132618501
58,住院医师 助教,南京,1,0,19,3,3,,0.129859571
59,主任医师,郑州,1,0,11,1,1,欢迎词                        重要声明：本人利用业余时间和大家在网上交流，宗旨是本专业的问题尽量解释提示，因为未见到患儿所以无法进行诊断及处方治疗，欢迎家长带孩子就诊。感谢--大家对我个人网站的关注和支持，这也是我为你们工作的动力。关心儿童健康成长，是你、我共同心愿...！                                        展开 >>                 收起 <<,0.129587575
60,副主任医师,广州,1,5,33,17,162,儿童心脏病的交流平台                        欢迎儿童心脏病患者的咨询，希望通过好大夫的在线平台，提供心脏病诊治的相关信息。1、对于已经找我面诊过得患者（尤其是外地患者），不方便复诊或病情发生变化时，可直接申请电话咨询与我一对一进行深度咨询;2、没有就诊过的患者，可以通过在线咨询的...方式向我咨询有关先心病的相关问题，由于医院工作繁忙，可能不能及时给您回复，请理解。如果希望尽快与我沟通，可以申请电话咨询服务，我将尽量当天与您通话;3、 如果您想找我当面就诊，可直接通过预约转诊进行申,0.128507831
61,主任医师 教授,北京,1,8,6,6,3,欢迎词                        楊奶奶祝愿过敏性紫癜、过敏性鼻炎…患过敏症的孩子们早日康复、健康成长！,0.128242969
62,主治医师,上海,1,21,1,0,0,嘉定中医儿科                        陈氏儿科传人，中医儿科陶红工作室成员，师从嘉定儿科名医陶红医师。擅长中西医结合治疗反复呼吸道感染、急慢性支气管炎、哮喘、厌食、盗汗、性早熟等。,0.12414737
63,副主任医师,太原,1,5,11,1,11,欢迎                        欢迎各位访问我的网站，我将尽我所能给您带来满意的答复。,0.117574712
64,主任医师 教授,北京,1,8,37,13,144,各位先心病患儿家长：您好，欢迎来到我的个人网站！                        我的服务宗旨是：让更多的先心病患儿获得适宜的诊断和处理——需要治疗的得到及时有效的治疗，可以不治疗的一定要避免不必要的处理。为了节省病人，尤其是京外病人家长的时间精力和就诊费用，建议可以先通过好大夫网站我的网页咨询或通过好大夫在线电话咨询希...望解决的问题（热线电话：4006 606 120）。通过对话交流，选择合适的时机再来医院就诊（有一些患儿并不需要立即来医院看病）。如的确需要来医院就诊，可采取转诊预约，,0.117303343
65,副主任医师,北京,1,3,10,7,56,治病救人，医者仁心                        阜外心血管病医院是我国最大的心血管病诊治中心，外科年手术例数超过1万例。作为国家心脏中心，在中国心血管疾病的预防、治疗、科研和教学工作中发挥核心作用。    我院小儿外科中心是国内最大的先心病外科中心，年手术量3000例左右。各种先心病手...术成功率高。    希望在网上平台为更多患儿提供帮助！                                        展开 >>                 收起 <<,0.116728455
66,副主任医师,上海,1,0,4,1,0,,0.111354058
67,住院医师,合肥,0,0,2,0,0,,0.108757765
68,副主任医师 副教授,九江,1,14,5,0,8,,0.10637584
69,主治医师,北京,0,6,1,0,1,欢迎词                        有时是治愈，常常是安慰，总是去帮助。用我的业余时间告诉您在医院里的医生无暇告诉您的事情。,0.106305237
70,主治医师 讲师,北京,1,2,20,13,41,八一儿外科，儿外科精品                        北京军区总医院附属八一儿童医院小儿泌尿外科，腹腔镜微创治疗为特色。,0.106259318
71,副主任医师 讲师,南京,1,0,2,0,0,呵护宝宝的健康                        每位宝宝都能健康茁壮的成长，是我最欣慰的事情。,0.10335413800000001
72,主任医师 教授,上海,1,8,164,95,555,,0.10261893300000001
73,主治医师 讲师,济南,1,0,1,0,0,,0.102417441
74,副主任医师 副教授,西安,1,30,36,22,47,祝福大家，祝福天下所有的孩子和父母                        每一位患者顺利康复都能给我带来一丝慰藉，心中都有一块石头轻轻落地，愿天下的孩子都能健康成长，愿天下的父母都能心情愉快，谢谢大家对我的信任，我将继续不遗余力地去帮助每一位需要我的患儿和他们的父母，努力提高自己的医疗技术，减少他们的痛苦，在充满...诱惑纷繁复杂的社会中净化自己的灵魂。祝福大家，祝福天下所有的孩子和父母。                                        展开 >>,0.10121867300000001
75,副主任医师 副教授,武汉,1,3,24,6,11,,0.100328161
76,主任医师 教授,济南,1,0,12,1,7,健康一生                        孩子是祖国的花朵，让我们为每一朵花献出爱心，欢迎大家与我共同探讨小儿外科疾病的治疗。,0.09787928800000001
77,副主任医师 副教授,上海,1,4,1,0,1,欢迎来到上海儿童医院儿童保健所咨询张金凤医生                        感谢您对我的信任，我愿尽我所能解答您的问题，希望能对您有所帮助。,0.09768890699999999
78,副主任医师,荆州,1,0,0,0,0,,0.096440636
79,主任医师 教授,上海,1,7,174,122,605,,0.095007097
80,副主任医师 副教授,郑州,0,0,1,0,0,,0.09479663599999999
81,主治医师,郑州,0,25,7,4,53,爱宝宝                        用爱心为宝宝服务。郑州大学第五附属医院,0.09472527900000001
82,主任医师 副教授,广州,1,7,15,10,71,,0.094111581
83,主任医师,武汉,1,7,67,24,87,欢迎咨询 为您解答                        住院提示：★★★欢迎各位家长朋友咨询孩子有关泌尿生殖系统的问题，虽然不能面面俱到，但也可以给您指导治疗的方向，特别希望为你们的家庭带来欢笑，为家长解除心中的阴霾，为患儿解除病痛！回答可能言辞简易，但都是个人斟酌后的指导意见，希望对您和孩子有...所专业帮助！现在就诊可预约寒假手术。床位提示：★ 科室床位紧张，预约时间1~2月左右★★ 科室近期可安排★★★ 科室可尽快安排,0.093568308
84,主治医师 研究员,郑州,1,20,4,4,3,铸就“心”的完美                        希望我的努力能给您的孩子带去健康！孩子有什么问题可以在网站给我留言，我会尽快给您答复！,0.091823973
85,主任医师,深圳,1,0,11,2,3,,0.091816799
86,主治医师 讲师,青岛,1,9,1,0,2,欢迎咨询问题，尽我所能去解除患儿的病痛                        经我最大的努力，给患儿祛除病痛,0.09131393300000001
87,住院医师,聊城,1,3,0,0,0,欢迎词                        在我有限的时间里发挥无限的爱心与知识，竭尽所能为了孩子的健康和快乐奋斗、努力！,0.091308018
88,主治医师,唐山,1,4,0,0,0,唐山妇幼保健院儿保科生长发育门诊将办“矮小排查”义...                        唐山妇幼保健院将举办以“科学诊断、综合治疗、快乐成长”为主题的青少年生长发育义诊活动。医院将免费身高体重测量及未来身高预测，并为身高低于-2SD的前50名儿童免费骨龄测评（拍片自费）和未来身高预测。欢迎广大深受身高问题困扰的青少年及家长积极...前来参加。请提前电话预约。报名预约电话：0315-3726731活动地点：唐山妇幼保健院儿保科生长发育门诊活动时间：2013年8月12日——2013年8月17日,0.09110298800000001
89,副主任医师,安阳,1,0,0,0,0,,0.09108282300000001
90,主任医师,上海,1,0,9,2,14,欢迎词                        康复一人，幸福全家。,0.090112248
91,副主任医师 副教授,开封,1,0,1,0,0,,0.088252496
92,副主任医师,上海,1,11,38,20,68,,0.08686511400000001
93,副主任医师,温州,1,1,15,3,21,,0.086213211
94,副主任医师,北京,1,5,10,4,1,,0.08558302400000001
95,副主任医师,宁波,1,0,1,2,3,,0.08526933099999999
96,主治医师,哈尔滨,0,1,2,0,0,欢迎                        欢迎大家管理本网站，我将尽己所能，为您服务,0.08501147099999999
97,主治医师,咸阳,1,5,1,1,0,,0.08439859300000001
98,主治医师 讲师,西安,1,0,6,3,2,,0.084203816
99,副主任医师,临沂,0,5,2,0,0,欢迎词                        每周除了周四休息，其他时间都在儿保科矮小门诊坐诊,0.08415751099999999
100,主任医师 教授,武汉,1,0,23,6,2,,0.083963685
101,副主任医师,安阳,1,0,4,0,0,,0.08319428200000001
102,主任医师,天津,1,0,2,0,0,欢迎词                        现在春天，春暖花开，是呼吸道过敏性疾病高发季节，许多过敏体质的小孩，会出现鼻痒、鼻塞、经常流涕，还有出现咳嗽或咳喘，最好发病早期带您的宝宝到医院诊治。平日要保持室内空气流通，不要到人群密集的场所。      我们在西医治疗的同时采用中药穴...位贴敷治疗气管炎、支气管炎，哮喘，咳嗽变异性哮喘、过敏性鼻炎，慢性咽炎，反复呼吸道感染等多种呼吸系统疾病。取得了较好的疗效。                                        展开 >,0.08305324
103,主治医师,北京,0,2,5,1,5,老老实实做事，踏踏实实做人，一切从心开始                        清华大学第一附属医院心脏中心小儿科是由国内著名心脏外科专家吴清玉教授和国内著名的心律失常专家李小梅教授带领的团队。年手术量八百余台，主要以各种复杂先心病为主，同时药物以及射频消融治疗各种心律失常。,0.082094903
104,主任医师 教授,成都,1,4,4,0,5,《儿童生长发育的常见影响因素》电视健康讲堂                        成都电视台《第一健康》栏目链接第一期（4月23日）：http://www.cdtv.cn/show-115-1692-1.html第二期（4月24日）：http://www.cdtv.cn/show-115-1700-1.html,0.081741231
105,住院医师,杭州,1,1,0,0,0,欢迎大家咨询儿牙问题                        我会尽量抽时间回答大家的问题！,0.081574717
106,主任医师 教授,开封,1,3,5,1,10,开封市儿童医院                        :开封市儿童医院外科涵盖了小儿普外、心胸外科、新生儿外科、泌尿外科、骨科等专业，现拥有主任医师5名，副主任医师3名的高职称专业队伍，能够开展小儿先天性心脏病（如房、室间隔缺损，动脉导管未闭，法洛式四联征等）复杂性心脏畸形的手术治疗。新生儿外...科开展各类消化道畸形：如先天性食道闭锁、膈疝、十二指肠梗阻、先天性巨结肠、肠闭锁及肛门闭锁等疾病的治疗，治愈率高，大大提高了患儿的生活质量。普外科开展纵膈肿瘤、胆总管囊肿、肝肾肿瘤、畸胎瘤、神经母细胞瘤,0.080296403
107,副主任医师,太原,0,0,4,0,0,,0.080047222
108,主任医师,嘉兴,1,3,2,0,1,大家好！                        有关生长发育的问题尽管提，我将尽快做出回答。,0.07928944
109,主任医师 教授,成都,1,0,3,0,14,倾听是种艺术                        好大夫的修养有很多，倾听是一种重要的沟通,0.078777161
110,副主任医师,上海,1,6,4,0,2,,0.078513953
111,主治医师,郑州,0,2,0,0,0,欢迎词                        小儿手术哪里去，省医小儿外科帮助您！,0.078244175
112,主任医师 教授,北京,1,7,48,35,227,医生不是一个职业，而是传播爱的使者                        我是一个老的儿科工作者，1968年毕业于协和医科大学，当时学校名中国医科大学。在18年的儿科工作基础上，开展了25年的儿科心血管疾病的临床工作，其中有近3年的美国匹兹堡医学院附属儿童医院小儿心脏科的临床学习，积累了不少的临床经验。希望用我的...知识和工作经验为更多的患儿和他们的父母带来希望和快乐。不方便到医院就诊的患者，可以选择好大夫在线电话咨询服务（热线电话：4006 606 120），与我本人进行通话咨询，我会尽力帮助,0.077091456
113,副主任医师,上海,1,18,93,49,46,欢迎咨询                        本人于2013年10月13日上午九点至11点在新华医院便民服务中心义诊，无需特殊检查或检查较完备的疾病患儿可前来咨询，谢谢！大家好！我们小儿泌尿外科专业尽一切可能为病家提供方便，比如每天都能有泌尿外科医生出诊（普通门诊、专家门诊或特需...门诊）；在特别忙的时间段内开展周六手术，解决住院难等。但专家门诊挂号还是非常困难，如您孩子的确病情急或外地来上海，请等在后面，我们会给你孩子看的，但不能插队。敬请谅解。鼓励大家看小儿泌尿专科门诊（周二下午、周三上午,0.077047657
114,副主任医师,盐城,1,0,0,0,0,,0.076921762
115,主治医师 讲师,郑州,1,0,5,1,0,希望您能得到有效帮助！                        真心希望您的宝宝早日康复！,0.075244505
116,主治医师,青岛,1,7,0,0,3,,0.07518390400000001
117,副主任医师 副教授,青岛,1,9,3,1,18,,0.074932337
118,主治医师,济宁,1,1,0,0,1,,0.074411811
119,主治医师 讲师,郑州,1,3,6,3,1,,0.073324287
120,主任医师 副教授,北京,1,3,6,4,2,,0.07278956
121,主任医师 教授,西安,1,1,5,0,1,,0.07259345099999999
122,副主任医师,成都,1,1,2,0,3,为了你的健康，我愿竭尽所能！                        各位小朋友：我是胡显良博士，专长为儿童肿瘤的诊治，愿意为所有实体性肿瘤患儿服务。欢迎网上咨询！,0.072198245
123,主治医师,广州,1,0,1,0,0,,0.071892417
124,主治医师,郑州,0,8,6,3,3,,0.071768322
125,主任医师 教授,北京,1,48,21,6,1,“知心阿姨”门诊咨询及介绍，祝小朋友能够健康快乐成...                        门诊微信公众号：zryyczlx    时光飞逝，转眼2014年即将过去！回想这一年来诊疗过的患者，虽然不能清楚的记住每一位患者的面貌，但很多患者的形象和就诊故事仍不时的出现在我脑海里。我真的希望用自己的专业知识和技能解答各位家长的疑虑...，协助家长在孩子成长的路上能够健康快乐的成长，不让一位孩子和家长遗憾！    最近张知新教授有关儿童生长发育科普知识讲座为您呈现，详情请见：生长发育第一讲：http,0.07102441799999999
126,主治医师 讲师,南京,1,5,13,3,7,欢迎您！                        肾小球疾病作为一种慢性病，消耗着孩子的天真、家长的精力、亲人的牵挂；迁延的病程，使爸妈无法正常工作，使富裕变为贫穷，贫穷转为拮据。作为十六年的儿科医师，现在肾病研究所刘志红院士指导下进行博士后工作，有幸在研究所临床治疗童年得肾小球疾病，迁延...至成人甚至老人的患者，循证了肾脏疾病从儿童到中老年的发生发展过程，希望能在网上为各位家长排忧解惑！时间有限，请您见谅。Hippocratic Oath:I swear by Apollo the Physic,0.07081225299999999
127,主治医师,安阳,1,2,0,0,0,愿健康相伴您一生!                        希望我可以帮助你，希望所有宝贝健康成长。,0.070706563
128,主任医师 教授,广州,1,0,3,0,0,,0.07004679700000001
129,主任医师 副教授,芜湖,1,39,4,1,9,淡看人生、善待生命                        每一位孩子都是我们的宝贝！希望所有的孩子都能够健康快乐的成长……,0.06991763200000001
130,主任医师 教授,上海,1,3,23,5,11,一切为了孩子                        一切为了孩子!,0.06954481400000001
131,主治医师,合肥,1,12,1,1,0,,0.069287086
132,主任医师 教授,石家庄,1,2,7,1,1,,0.069139428
133,主治医师,北京,1,0,0,0,1,,0.068549822
134,主治医师,合肥,1,10,1,0,2,愿天下的孩子都健康成长！                        关注孩子的生长发育和健康，尤其是身材矮小，欢迎您来咨询！,0.068105882
135,主任医师 教授,北京,1,4,84,44,5,,0.067112564
136,副主任医师,广州,1,1,15,14,212,托起明天的太阳。                        在我还不算太长的医生生涯里，听到最多的是这句话：“看病难，看专科病更难！”。虽然我的知识和精力有限，但我愿尽绵薄之力。求医寻治之路，对于患者和医者，有时候都是一样的困难旅程。共同寻获答案时，患者将获得正确的医治，而医者则获得知识与经验的升...华。一路行来，有困惑也有迷茫，最终选择执着。                                        展开 >>                 收起 <<,0.067058805
137,主任医师 教授,巴彦淖尔,1,34,0,0,3,巴彦淖尔市医院-----我的爱人                        我在乎人生中随处可见的真诚和感动，我懂得珍惜生命中每一位一起走过的同事朋友，我热爱巴彦淖尔市医院。你是我心灵永远的港湾。我的爱人----巴市医院，祝你腾飞。,0.066963551
138,副主任医师 副教授,南京,1,4,4,1,8,爱心、耐心、细心、真心是我不变的信条                        没有最好，只有更好是我永恒的追求，但愿您的宝贝在你我的共同呵护下健康快乐成长。,0.066164529
139,副主任医师,成都,1,0,0,0,0,,0.065989768
140,主任医师 副教授,北京,1,0,49,19,4,阜外医院16病区                        欢迎广大先天性心脏病患者及家属咨询和到阜外心血管病医院就诊，我定将竭力为您和您的家人服务，祝福所有先心病患者！,0.06418449
141,副主任医师,北京,1,1,26,8,1,,0.064131331
142,主任医师 教授,佛山,1,27,17,3,13,"为脑瘫儿童解除障碍是我们的使命                        作者简介 刘振寰，儿科主任医师/教授/博士生导师,享受国务院特殊津贴的儿科专家.现为广州中医药大学附属南海妇儿医院副院长，脑瘫康复中心主任。1997～1998年赴美国、德国进修小儿脑瘫康复。国际亚洲大洋洲小儿神经协会终身会员,国际物理与康复...医学会会员，世界神经康复治疗学会会员，国际神经修复学会理事;世界中医药联合会儿科专业委员会常务理事;世界中医药联合会康复保健专业委员会常务理事.香港中华中医药学院/台湾中山医学科学院/印",0.062953857
143,主任医师,上海,1,23,18,19,112,明年我不再出门诊                        无论什么样的语言也表达不了我对你们感恩的心，感谢广大家长的信任，使我坚守这个与你们交流沟通的阵地。长期以来和你们一起探讨宝宝的营养和生长问题，也使我得益匪浅。对我长期致力于儿童保健营养工作岗位的一位普通医生，虽然不能完全解决家长育儿的所有困...惑，但能够有机会把一生所学奉献大家，完成我此生关爱孩子的使命，是无限快乐和幸福的。以后虽然没有机会多交流了，我想以后会创造其他机会把我的保健知识和各位家长共同分享。辞旧迎新之际衷心祝愿宝宝幸福成长！祝,0.062780333
144,住院医师 助教,南京,1,0,5,2,0,,0.06270662
145,主任医师 副教授,温州,1,3,6,1,2,,0.061195100999999995
146,主治医师,上海,0,0,1,0,0,,0.061139697
147,主治医师,安阳,1,0,1,0,3,,0.06073801400000001
148,主任医师,广州,1,0,18,4,6,,0.059327603
149,副主任医师,杭州,1,0,0,0,0,,0.059079015
150,主治医师,南充,0,0,0,0,0,,0.059023550999999994
151,住院医师,佛山,0,0,1,0,0,,0.058583555
152,主任医师 教授,昆明,1,14,5,1,2,,0.058503297999999995
153,住院医师,郑州,0,0,3,2,0,欢迎词                        但愿人间常无病　　　何愁架上药生尘,0.05848448
154,主任医师 副教授,厦门,1,0,3,0,0,,0.05786167
155,副主任医师 副教授,哈尔滨,1,2,4,0,1,医者仁心                        各位新老患者，哈尔滨医科大学附属第一医院在群力建立分院已开始收治病人，我主管儿科门诊和病房，同时，我也在医大一院门诊出诊，如果您的小孩有关于呼吸系统和消化系统方面的疾病，可以通过我的网站进行咨询，我会及时回复您的问题，帮助您解忧排难！,0.057685701
156,主任医师 教授,成都,1,0,6,0,5,,0.05668937
157,住院医师,广州,0,15,1,0,0,,0.05562479
158,主治医师,沈阳,0,0,1,0,1,,0.05547942
159,主任医师 教授,泸州,1,3,3,1,3,,0.054689019000000005
160,副主任医师,济宁,1,0,6,1,3,,0.054590843
161,主治医师,无锡,1,6,1,0,1,大手拉小手，祝愿所有的小朋友快乐的成长！                        小儿外科医生是挽救儿童生命，改善儿童生活质量的积极倡导者和关键力量，我们在进行中………,0.054423134000000005
162,主任医师,广州,1,0,5,1,14,再次起航                        近两年来，忙于医院的美国JCI国际认证和人民卫生出版社、人民军医出版社的书籍编写，对网站的咨询和回复有所忽略，给患儿家属带来很多不便，对此我深表歉意。现在各方面的工作都取得了卓越的成绩，能够腾出更多的时间关注好大夫等网络的咨询，可以使更多患...儿家属不用再来回奔波于就医路途中，尤其是许多省外的家长。在这里，谢谢给我帮助和鼓励的患儿及其家长，正是你们的支持和要求，给了我动力更加重视网络咨询和回复。请多联系，让我知道你们和孩子，就诊后确实从我这得到帮助,0.053563409000000006
163,主治医师,上海,1,1,2,1,1,,0.053250933
164,副主任医师 副教授,上海,1,6,14,5,10,爱孩子                        爱孩子 患病的孩子需要更多的爱 于清是儿科大夫 也是儿童心理医生 关爱孩子 关心家长,0.052872888
165,主任医师,天津,0,2,3,4,4,为了您的宝宝健康成长愿助一份力                        愿为年轻的家长了解育儿知识及相关的小儿常见病，减少到医院的次数，避免在公共场所交叉感染提供方便。,0.051899390999999996
166,副主任医师 副教授,郑州,1,0,0,0,0,,0.051710505
167,副主任医师,上海,0,0,10,3,0,,0.051507700999999996
168,主任医师 教授,大同,1,2,0,0,0,矮小门诊开诊通知                        我科现已开设矮小门诊，如果您对孩子的身高不满意或在儿童生长发育方面有疑问，可前来咨询。门诊时间为周三周六的上午，为确保您的就诊效率，咨询就诊前须知！,0.050564835999999995
169,主任医师 教授,哈尔滨,1,1,5,1,0,,0.050207068
170,主任医师 副教授,上海,1,2,9,2,9,,0.049599702
171,副主任医师 副教授,石家庄,0,4,1,0,0,儿童牙科医生                        想到儿科，总是哭声一片，儿童牙科，更是让人胆寒。所以，在我们国家的医疗环境和秩序还不尽人意的今天，千万保护好孩子的牙。,0.04958199
172,副主任医师 副教授,潍坊,1,32,3,1,9,关注儿童身心健康                        生命相托，精医厚德；呵护生命，情满鸢都。“世间最珍贵的东西莫过于真理。人世间的贫富、美丑、是非，恰如过眼烟云，终归要归于寂灭；而真理之光却永远照耀着世间，使病者得愈、贫者致富，忧伤的人们得以快乐。”,0.048901632
173,副主任医师,北京,1,1,3,1,1,,0.048788785999999994
174,副主任医师 副教授,大连,1,1,3,0,0,,0.048588167
175,住院医师,西安,1,0,0,0,1,,0.048504502000000005
176,副主任医师,广州,1,0,1,0,0,,0.048333590999999995
177,主任医师 教授,广州,1,43,9,0,3,早产儿之舟俱乐部在珠江新城欢迎你的加入！！！                        服务内容重点服务对象为早产儿，定期开办早产儿之舟俱乐部，欢迎您的加入。建立个人档案跟踪监测：定期进行体格发育、神经运动发育、行为及气质测查与指导系统干预训练：特殊儿童抚触、婴儿抚触、婴儿被动体操、各年龄段适宜运动训练（大运动、精细运动...、视听刺激、语言训练、行为培养）等个性化服务：一对一营养及保健指导，解决宝宝成长过程中家长面临的种种难题。,0.048043687
178,主治医师 讲师,北京,1,0,0,0,13,,0.04733003
179,副主任医师,北京,1,5,1,0,4,欢迎词                        让孩子们都健康成长！,0.047270369000000007
180,主治医师,郑州,1,17,6,1,3,座右铭                        勤求古训医疾医人医德   博采众方治病治身治心,0.046929919
181,副主任医师 副教授,十堰,1,7,0,0,0,,0.046666235
182,副主任医师,济南,1,0,3,0,1,,0.04643559
183,主治医师,西安,0,0,1,0,0,希望每位患儿早日康复，快乐成长！                        欢迎肾病或血液病患儿来到我的网站，希望我能为你们早日恢复健康提供帮助！,0.04636542
184,主任医师,杭州,1,0,1,0,0,,0.046051050999999996
185,主任医师 教授,十堰,1,0,2,0,0,,0.045377060999999996
186,主治医师,杭州,1,1,0,0,3,,0.044578467999999996
187,主治医师,北京,0,0,3,0,3,欢迎广大患友咨询有关心脏外科冠心病、风湿性瓣膜病、...                        可咨询有关心脏外科小儿先天性心脏病问题 手术及术后复查,0.042714019000000006
188,主任医师 教授,辽阳,1,16,2,1,4,欢迎词                        用我的真心换你的笑容！关注孩子的身高，关注孩子的未来！,0.042361893
189,主治医师,呼伦贝尔,0,0,0,0,0,欢迎词                        应当地患者的需求，特开通个人网站，欢迎大家咨询，我会尽我最大能力为各位初为人父母的年轻爸爸、妈妈们排忧解难！,0.042336646
190,住院医师,上海,1,0,0,0,0,,0.042284443
191,主治医师,郑州,1,3,3,1,1,欢迎您的咨询！                        我愿竭诚为您服务！,0.042223268
192,主任医师 教授,泰安,1,0,4,0,0,,0.042051113
193,主任医师 教授,济南,1,0,2,1,2,,0.041588942999999996
194,主任医师,杭州,1,0,16,1,1,愿我的微薄之力有助于您的孩子的健康，乃我之幸也！                        为人母，深感孩子的健康牵动父母乃至全家的神经！身为郑州市儿童医院一名普通的职工，深感肩头的责任之重！身为国家培养的一名医生，深感肩头的义务之大！,0.04145688
195,副主任医师,成都,1,3,2,0,0,尽我所能为患儿解除病痛，是我的毕生追求                        病急不能乱投医，要请专科医师诊治疾病，特别是儿童这个特殊群体，应该受到社会及医疗界的广泛关注，他们是我们明天的希望！,0.041343384
196,主治医师,铁岭,1,5,0,0,0,让我们的宝宝更健康                        孩子是我们的希望，孩子的健康是我们的愿望，希望我们的交流能让妈妈安心，让宝宝健康快乐！,0.040790345
197,副主任医师 副教授,武汉,1,0,9,3,1,,0.040739748
198,住院医师,贵阳,0,0,2,1,0,,0.040249627999999996
199,副主任医师,西安,1,0,13,0,1,欢迎词                        +有问题尽量到门诊就诊 看到孩子结合临床及必要的检验才能做出较明确的诊断及准确的治疗 尤其是小儿腹泻原因不同 治疗方法也不同 谢谢理解！,0.040184365
200,主治医师,郑州,1,0,4,2,0,,0.039846255
201,副主任医师,天津,1,11,12,2,0,关注脑瘫患儿，托起明天的太阳！                        脑性瘫痪过去曾被认为是“不治之症”，由于康复医学的发展给脑性瘫痪患儿的治疗带来了希望。但脑性瘫痪的治疗不适一种方法、一朝一夕的短期治疗就能解决的问题，而是一个需要发出人力、物力及长时间的综合治疗过程。不仅需要医生与家长的配合，而且需要全社会...的支持。宣传、普及脑性瘫痪的防治知识显得格外重要。        脑性瘫痪的病因是多方面的，但新生儿窒息、早产与核黄疸在我国许多地区目前仍是脑性瘫痪的主要致病原因。作为一个儿科医生，多年,0.039630431
202,副主任医师 副教授,上海,1,0,3,0,2,,0.039608521
203,主治医师,成都,1,1,3,0,1,,0.039025624
204,副主任医师 副教授,沈阳,1,0,10,1,4,,0.038603395
205,主任医师 教授,西安,1,40,6,2,6,但愿人间无疾苦 宁愿架上药生尘                        时间调整为 周一、三、五上午高新医院国际部儿科诊室门诊儿童处于生长发育阶段，是成人的基础，不少成人的躯体疾病、心理异常、性格行为等问题，都与儿童时期身心健康有关，然而在儿童时期，小儿缺乏自卫能力，其健康易受营养、疾病、外界环境的各种因素...影响，是最易受伤害的人群，因此，要保证儿童身心健康，防治各种疾病，需要全社会、家长和医护人员的共同关注，早发现、早诊断、早治疗，促进儿童健康成长。希望大家在咨询问题时，将详细的病情和相关的化,0.037867907
206,副主任医师,杭州,1,0,3,1,1,,0.037322951
207,副主任医师 副教授,郑州,1,3,2,0,3,欢迎咨询                        竭诚为患者朋友服务,0.037050701
208,主任医师 教授,长沙,1,1,3,1,0,,0.037019025
209,副主任医师,济宁,0,2,0,0,0,,0.03614512
210,主任医师 教授,北京,1,1,7,3,4,我的愿望                        愿所有的患儿得到最好的治疗！,0.035352802
211,副主任医师 讲师,成都,1,0,2,0,0,,0.034920743
212,住院医师,上海,0,0,1,0,0,,0.034609109
213,住院医师,西安,0,0,1,0,0,,0.033919568
214,主治医师,济宁,1,7,1,0,0,,0.033861447
215,副主任医师 副教授,广州,1,0,12,1,0,,0.033822302
216,主治医师,北京,0,0,1,0,0,,0.033769258999999996
217,住院医师,北京,1,0,0,0,0,,0.033680126
218,主任医师 教授,济南,1,0,2,0,1,,0.033438799
219,主治医师 讲师,南充,1,5,2,0,1,欢迎咨询和就诊                        欢迎您光临梁云大夫个人网页，我和您一样关心孩子的健康，孩子的健康快乐是你我共同的心愿！为方便咨询，请详细注明患儿年龄、体重、主要症状及超声，CT片，DR片等辅助检查资料，以便全面准确地评估孩子的病情！,0.033222905
220,主任医师,上海,1,3,46,13,1,"关爱孩子牙齿健康                        ""热心、耐心、爱心、细心”是我的追求，您孩子“健康的牙齿，甜美的微笑”是对我最大的褒奖。",0.033093764
221,副主任医师,北京,1,5,2,1,11,欢迎词                        尽自己所能、所长，解除您的疑问、顾虑,0.033046483
222,副主任医师,沈阳,1,0,3,0,0,,0.032222394
223,主任医师,北京,1,0,5,0,0,,0.03159384
224,主任医师,杭州,1,0,2,0,3,,0.031580566000000004
225,主治医师 讲师,驻马店,0,15,1,1,0,,0.030984442
226,主任医师 教授,郑州,1,0,23,7,0,您孩子的健康使者                        我主要从事先天性脊柱脊髓畸形的诊治研究，主要治疗先天性脊柱侧弯，先天性脊髓畸形，可一期手术治疗先天性脊柱脊髓畸形，减少花费痛苦和住院时间。利用我的网站您可以：1、对于已经找我面诊过得患者（尤其是外地患者），不方面复诊或病情发生变化时，可直...接申请电话咨询与我一对一进行深度咨询;2、没有就诊过的患者，也可以通过电话咨询的方式向我咨询有关疾病的相关问题，由于医院工作繁忙，网上咨询暂时没有时间回复，请理解。家长可以申请电话咨询服务与我沟通，我将,0.030623348999999998
227,主治医师,成都,1,0,0,0,0,,0.030583357999999998
228,主任医师 教授,长春,1,1,1,0,1,尽其所能为孩子的身心健康成长保驾护航！                        欢迎身材矮小、性早熟、多动症、抽动症患儿就诊！早产儿、低出生体重儿、发育迟缓儿、正常小儿前来进行系统保健及发育促进！,0.030026741000000003
229,副主任医师,临沂,1,0,1,0,1,小儿先天性心脏病之家                        小儿先天性心脏病介入治疗技术，是我科的技术特色，它以“不开刀、不留疤、不输血、恢复快、住院时间短、疗效好”为突出优点，广大患者就此问题提问，我们更有回答优势。,0.028782612000000003
230,主任医师,无锡,1,0,5,0,1,欢迎词                        无锡市人民医院儿童康复科将在9月20日起开设儿童康复病房，方便患儿康复，住院后可得到强化训练和治疗，起到更好地疗效。并在12月以前住院者将免费提供一个项目的治疗。,0.028626272
231,主治医师,太原,1,0,1,0,0,,0.028413856
232,主治医师 讲师,泸州,1,0,3,0,0,,0.027946499
233,副主任医师,天津,1,0,1,0,1,尽我微薄之力，给您些许帮助                        各位患者、患者家长好，我是高原荣，希望能帮您解决一些实际问题。,0.027327569
234,主治医师,哈尔滨,1,3,0,0,1,,0.027132076
235,副主任医师,上海,1,0,16,1,0,,0.026814726
236,主治医师,潍坊,1,5,2,0,1,选择我，选择放心！O(∩_∩)O                        真诚为患者服务！得到大家认可，是我最大的心愿！,0.026651118999999997
237,副主任医师 副教授,中山,0,3,5,2,6,,0.026543885
238,主任医师 教授,西安,1,14,1,0,0,,0.026187616
239,主治医师,北京,0,0,0,0,0,,0.025952762999999997
240,主治医师,广州,1,0,6,0,0,,0.025690902
241,住院医师,深圳,0,0,0,0,0,,0.025269091
242,主任医师 教授,广州,1,11,7,0,0,欢迎词                        为人父母虽然辛苦，但是在你满足宝宝的需求过程当中，你也同时得到宝宝对你完全的爱及信任。随着孩子一天天的长大，透过孩子的眼睛，你们将重新再认识发现这个世界。也只有你们 ─ 宝宝的父母，可以提供他无条件的爱，安全的环境，良好的保健，滋养他的自信...，教导他享受人生。                                        展开 >>                 收起 <<,0.02517362
243,副主任医师 副教授,上海,1,0,10,0,0,,0.025023214
244,副主任医师 副教授,上海,1,2,1,1,2,,0.024954538999999998
245,副主任医师,北京,1,0,0,0,1,欢迎就诊                        各位患者，我院先天性心脏病门诊已经增加周六日上午门诊，欢迎就诊。,0.024865536
246,住院医师 助教,重庆,1,9,0,0,1,,0.024231608999999998
247,主任医师,济南,1,0,4,0,0,,0.024063632999999997
248,副主任医师 副教授,上海,1,6,3,0,0,,0.023965069
249,主治医师,郑州,0,0,6,0,0,,0.023744285
250,主治医师,长沙,1,1,2,2,1,相聚即是缘                        晨有清逸，暮有闲愁，梦随心动，心随梦求！,0.023180521000000003
251,主治医师,青岛,0,5,1,0,0,,0.022816156
252,副主任医师,北京,1,0,10,2,1,,0.021856726
253,住院医师,赣州,1,3,1,0,0,,0.021856393999999998
254,副主任医师,秦皇岛,0,0,1,0,4,您的信任是我最宝贵的财富                        儿童是国家的未来，儿童健康成长是每个家长的希望，让我和您一起来完成这个任务吧,0.021386555
255,副主任医师,成都,1,0,0,0,0,,0.02133127
256,主治医师,荆门,1,5,1,0,0,,0.020970911000000002
257,副主任医师,淄博,1,0,0,0,0,,0.020391071
258,主治医师 讲师,沈阳,1,0,1,0,1,,0.020261556
259,主治医师,济南,0,0,0,0,0,,0.020113011
260,住院医师,北京,1,0,0,0,1,,0.019366875
261,主治医师,成都,1,0,2,0,0,,0.019009248
262,副主任医师 副教授,青岛,1,7,1,0,0,,0.018962224
263,主治医师,天津,1,0,0,0,1,欢迎您的到来：                        身心健康是孩子最宝贵的财富，当前社会应该关心重视这个问题，家长和大夫更是责无旁贷。,0.018708501000000002
264,副主任医师,广州,1,0,6,3,0,,0.018667764
265,主治医师 讲师,武汉,1,9,0,0,0,业余时间服务患儿，促进自己                        欢迎大家来本页面交流，希望这个平台能成为普通人真正的免费福利,0.0183678
266,主任医师 教授,上海,1,0,10,0,1,,0.018321855
267,主治医师,北京,1,0,5,0,0,,0.018217005
268,副主任医师,佛山,1,5,0,0,1,欢迎词                        座右铭：用技术和爱心解除患儿的病痛。,0.01770219
269,主治医师,丹东,1,0,2,0,0,,0.017131352
270,副主任医师,上海,1,0,3,0,0,,0.016238988
271,主任医师,宁波,1,0,2,0,0,,0.015751663
272,主任医师,杭州,1,0,4,1,1,,0.015680956
273,主治医师,重庆,1,0,3,0,1,,0.015415906000000002
274,主治医师,北京,1,17,2,0,1,"欢迎您                        尊敬的网友：欢迎您浏览我的好大夫个人网页！从走向医学殿堂伊始，成为一名优秀的好大夫是我的人生追求。虽年资不高，但我在坚持不懈的努力，并在繁忙的工作之余时常关注着国际相关医术新进展，不断的提高和完善自我。我会不断地通过发表文章的形式，把...过敏性疾病朋友普遍关注的问题给予阐述，提供咨询和帮助!您也可以通过提问的方式把您的疑问发给我！总之，有过敏性疾病烦恼的朋友，请到这里来，我会竭尽全力给您满意答复！愿通过我们的共同努力,战胜过敏,远离过敏!(特此声明:",0.015187078
275,主治医师,西安,0,0,4,1,0,,0.014988061
276,主治医师,上海,1,0,10,0,1,,0.01487268
277,主任医师 教授,广州,1,5,1,0,3,我是艺术家                        作为一个儿科医生，当然也是一个“艺术家”，我很想为你分忧，聆听你的倾述，给你专业的指导意见，欢迎你！,0.014384138000000001
278,副主任医师,南平,1,0,0,0,1,,0.014244433999999999
279,副主任医师,四平,0,0,0,0,1,,0.013748695
280,主任医师,沈阳,1,0,0,0,1,欢迎咨询                        愿陪伴您新出生的宝贝健康成长。,0.013650866000000001
281,住院医师,北京,1,0,0,0,0,,0.01279339
282,副主任医师,成都,1,1,3,0,0,,0.012788058
283,主任医师 教授,上海,1,0,2,0,0,,0.01238711
284,副主任医师,石嘴山,0,8,0,0,0,,0.012087048000000001
285,副主任医师 副教授,西安,1,1,5,3,1,,0.012039913000000001
286,住院医师,郑州,0,1,3,1,0,,0.012036216
287,副主任医师,北京,1,0,7,0,0,,0.011825063
288,副主任医师,常州,1,5,3,1,0,每一个孩子的健康是我们儿科医生的使命                        常州市第二人民医院                儿童生长发育联合会诊会诊时间：2010年10月24日（周日）上午8点会诊地点：常州市第二人民医院儿科门诊二楼会诊专家：沈永年（全国儿童内分泌专家、上海儿童医学中心教授）      ...    吴果（常州市第二人民医院儿科副主任医师）会诊内容：诊断儿童矮小、性早熟、甲状腺疾病、儿童肥胖、早发育等儿科内分泌类疾病专家预约电话：0519-88106550网址：HTTP：//ww,0.011705413999999999
289,主任医师,哈尔滨,1,0,5,2,0,,0.011106942
290,住院医师,合肥,0,1,1,0,0,,0.011096878000000001
291,主治医师,中山,1,1,1,0,4,现在小儿先天性心脏病是可以治的！                        提起先天性心脏病，大部分人都觉得没希望了。其实随着医学的进步，现在很多先天性心脏病都是可以根治的，尤其是在小儿阶段。如简单的先天性心脏病：肺动脉瓣狭窄、动脉导管未闭、房间隔缺损，室间隔缺损等不但可以用外科开胸方法治疗，还可以用国际上最先进的...办法----介入手术根治，并达到无创效果。术中既不需要心脏停跳及切开心脏，更不需要输血，术后还可以完全无疤痕。（手术通路在右侧大腿，打针穿刺血管后沿血管走行将治疗器材送达患病部位即可）,0.010786124
292,主治医师 讲师,长春,1,8,5,0,1,心声！                        作为医生我愿意治病救人，作为同事我愿意和你们学习探讨医学相关知识。   儿童是祖国的希望、未来，能为祖国的希望、未来服务，是我毕生的荣耀！,0.01029251
293,主治医师 讲师,南京,1,0,5,0,0,,0.009968079
294,主任医师,北京,1,0,3,0,1,,0.009564268
295,副主任医师,忻州,0,0,0,0,0,,0.009516493000000001
296,副主任医师 副教授,上海,1,0,1,0,1,,0.009448322
297,副主任医师 副教授,长沙,1,0,1,0,0,,0.00921351
298,主任医师,青岛,1,4,4,0,0,欢迎词                        内病外治，舒心一贴，回归自然。,0.009207901999999999
299,主任医师,南京,1,0,1,0,0,,0.008883786
300,副主任医师 讲师,南京,1,0,2,0,0,生命是如此的美丽 The life is the like this beauty                        阳光的清晨小小鸟在快乐地歌唱新生宝宝在咿呀呀地成长生命是如此的美丽……,0.008833084
301,主任医师 副教授,青岛,1,0,2,1,0,,0.008509351
302,住院医师,合肥,0,0,2,1,0,,0.008347781
303,主任医师,厦门,1,0,0,0,0,,0.008253353
304,主任医师,泰州,1,0,1,1,0,,0.007877941999999999
305,住院医师 讲师,景德镇,0,0,1,0,0,关注儿童健康，关注祖国未来                        感谢各位同道的支持及病友的关注，祝愿全天下小朋友健健康康，快快乐乐的成长！zouyongzhoulove@163.com,0.007838029
306,住院医师,兰州,1,0,2,0,1,,0.00762568
307,主任医师 教授,成都,1,0,19,6,0,,0.007465751
308,主治医师,上海,1,0,4,0,0,,0.007287013
309,副主任医师 副教授,潍坊,1,0,3,0,0,,0.007176453
310,副主任医师,邢台,1,5,3,1,1,,0.0070968490000000006
311,副主任医师,达州,1,0,0,0,0,,0.006932717
312,主管技师,广州,1,4,0,0,0,,0.00669779
313,主治医师,连云港,1,3,3,0,1,,0.006653605999999999
314,副主任医师,柳州,1,0,1,0,0,,0.0058685180000000005
315,主任医师 教授,上海,1,0,4,0,0,,0.005852493
316,住院医师,潍坊,0,10,0,0,0,网络无限，能力有限，尽力而为吧                        行医原则：健康所系，性命相托，慎之又慎！举手立誓：我决心恪守医德，竭尽全力，除人类之病痛，助健康之完美，维护医术的圣洁和荣誉，救死扶伤，不辞艰辛，执着追求，为祖国的医药卫生事业的发展和人类的身心健康奋斗终生。真心寄语：祝愿大...家健健康康！祝愿患者们早日康复！                                        展开 >>                 收起 <<,0.005765172
317,主任医师,西安,1,0,2,0,1,,0.0057102130000000004
318,主任医师 教授,石家庄,1,0,8,0,0,,0.00555437
319,主任医师,齐齐哈尔,1,0,5,0,0,欢迎各位患者                        黑龙江省名中医金福厚教授独创中医药五联疗法治疗过敏性紫癜、紫癜肾、血小板减少紫癜黑龙江省名中医.黑龙江中医大学兼职教授.政府津贴获得者.齐齐哈尔紫癜研究室主任.齐齐哈尔中医医院主任医师金福厚教授，经历二十多年潜心研究，把博大精深的中...医医院理论和现代高科技完美结合，运用阴阳五行学说和现代免疫分子生物学结合，解决了医学界对顽固性过敏性紫癜，紫癜性肾炎肾病，难治性血小板减少紫癜，久治不愈的难题，使众多省内外久治不愈患者，获得康复，摆脱了西医长期使,0.005526176
320,主任医师 教授,西安,1,1,13,3,1,,0.005405956
321,主任医师 教授,武汉,1,0,8,0,0,,0.005212248
322,副主任医师,佛山,0,54,4,0,1,,0.005095903
323,主任医师 教授,宁波,0,0,5,0,0,,0.004872331
324,主治医师,安阳,0,0,6,1,1,,0.00463133
325,副主任医师,广州,1,0,1,0,0,,0.004581521
326,住院医师,合肥,0,0,1,0,0,,0.00451695
327,副主任医师 副教授,钦州,1,0,4,0,0,,0.004228966
328,住院医师,阳江,0,1,1,0,0,欢迎词                        努力做一名合格的新生儿科医师...,0.004205627
329,主任医师 副教授,深圳,1,0,5,0,0,,0.0034784890000000004
330,主任医师,长沙,1,0,4,2,0,,0.0029872979999999998
331,副主任医师,上海,1,1,3,0,0,,0.0028244190000000003
332,主任医师,广州,1,0,1,0,0,,0.00275178
333,副主任医师,佳木斯,1,8,2,0,0,,0.0026006889999999998
334,副主任医师 副教授,青岛,1,0,10,2,0,,0.00091261
335,主治医师,北京,0,0,0,0,0,,0.0
336,副主任医师,郑州,1,0,2,0,0,,0.0
337,副主任医师,湖州,1,0,1,0,0,,0.0
338,副主任医师 副教授,东营,0,0,3,1,0,,0.0
339,副主任医师 副教授,长春,1,0,3,0,1,,0.0
340,住院医师,莱芜,0,0,1,0,0,,0.0
341,副主任医师,长沙,1,0,0,0,0,,0.0
342,副主任医师,淄博,1,0,8,0,0,,0.0
343,副主任医师,深圳,0,0,1,0,0,,0.0
344,副主任医师,上海,1,0,0,0,0,,0.0
345,主治医师,廊坊,0,0,0,0,0,,0.0
346,住院医师,重庆,0,0,0,0,0,,0.0
347,副主任医师,沧州,0,0,0,0,0,,0.0
348,副主任医师,宜昌,1,0,1,0,0,,0.0
349,主治医师,成都,0,0,1,0,1,,0.0
350,住院医师,深圳,0,0,0,0,0,,0.0
351,住院医师,鹤岗,0,0,0,0,0,,0.0
352,主任医师,临夏,1,1,2,2,1,,0.0
353,副主任医师 副教授,郑州,0,0,0,0,0,,0.0
354,住院医师,郑州,1,0,0,0,0,,0.0
355,住院医师,唐山,0,0,0,0,0,,0.0
356,主任医师,湖州,1,0,1,0,0,欢迎词                        欢迎来到我的网站！希望能为你提供一些帮助！,0.0
357,副主任医师,广州,1,0,0,0,0,,0.0
358,副主任医师 副教授,东莞,1,0,0,0,0,,0.0
359,住院医师,安阳,0,0,0,0,0,,0.0
360,住院医师,上海,0,0,0,0,0,,0.0
361,副主任医师,盐城,0,0,1,0,0,,0.0
362,主任医师 教授,长春,1,0,4,0,0,,0.0
363,副主任医师,兰州,1,0,1,0,0,,0.0
364,主任医师,荆州,1,0,2,0,0,,0.0
365,住院医师,贵港,0,0,1,0,0,,0.0
366,住院医师,潍坊,0,0,0,0,0,,0.0
367,主治医师,蚌埠,1,0,0,0,0,,0.0
368,主治医师,天津,1,0,8,0,0,,0.0
369,副主任医师 副教授,鞍山,1,0,0,0,1,,0.0
370,主治医师,烟台,0,0,0,0,0,,0.0
371,主治医师,广州,1,1,2,0,0,,0.0
372,主治医师,随州,0,0,0,0,0,,0.0
373,副主任医师,北京,1,0,1,0,1,,0.0
374,主治医师,成都,0,0,0,0,0,,0.0
375,住院医师,鹤岗,0,0,0,0,0,,0.0
376,主治医师,沧州,0,0,0,0,0,,0.0
377,住院医师,福州,1,0,1,0,1,,0.0
378,副主任医师,保定,0,0,0,0,0,,0.0
379,副主任医师,绍兴,0,0,0,0,0,,0.0
380,住院医师,北京,1,0,2,0,0,,0.0
381,主任医师,福州,1,0,2,1,0,,0.0
382,住院医师,深圳,0,0,0,0,0,,0.0
383,主治医师,荆州,0,0,0,0,0,,0.0
384,主任医师 教授,泸州,1,0,0,0,1,,0.0
385,主任医师 副教授,乌鲁木齐,1,0,5,0,0,,0.0
386,主任医师 教授,西宁,0,0,0,0,0,,0.0
387,住院医师,西安,0,0,1,1,0,,0.0
388,住院医师,十堰,1,0,0,0,0,,0.0
389,副主任医师,长沙,1,0,2,0,0,,0.0
390,主治医师,柳州,1,1,1,0,0,,0.0
391,主治医师,郑州,1,0,1,0,1,,0.0
392,副主任医师,济南,0,0,0,0,0,,0.0
393,副主任医师,郑州,0,0,0,0,0,,0.0
394,副主任医师,深圳,1,0,1,0,0,,0.0
395,主治医师,漯河,1,0,1,0,0,,0.0
396,主治医师,中山,1,0,1,0,0,,0.0
397,主任医师,湖州,1,0,1,0,0,,0.0
398,副主任医师,昆明,0,0,0,0,0,,0.0
399,主治医师 讲师,滨州,1,0,0,0,0,,0.0
400,住院医师,荆州,0,0,2,0,0,,0.0
401,主任医师,无锡,1,0,2,0,0,,0.0
402,住院医师,武汉,0,0,0,0,0,,0.0
403,主治医师,长沙,0,0,3,0,0,,0.0
404,主治医师,乌鲁木齐,0,0,0,0,0,,0.0
405,主任医师,杭州,1,0,6,0,0,,0.0
406,主治医师 讲师,上海,1,0,1,0,0,,0.0
407,住院医师,郑州,0,0,0,0,0,,0.0
408,副主任医师,北京,1,2,0,0,0,,0.0
409,住院医师,郑州,0,0,1,1,0,,0.0
410,住院医师 助教,新乡,0,2,0,0,0,,0.0
411,主治医师,江门,1,3,1,0,0,"热烈欢迎光临本网站                        这里找不到最权威的答案,这里也找不到教授级的人物.但这里却找得到一位基层医生与普通患者的真实的交流的情况,尽心尽力找到最合适的答案,最佳的解决方案.....",0.0
412,主治医师,上海,1,0,2,0,0,,0.0
413,住院医师 讲师,四平,1,0,3,0,1,,0.0
414,副主任医师,濮阳,0,0,1,0,0,,0.0
415,副主任医师,连云港,1,0,0,0,0,,0.0
416,副主任医师,襄阳,1,0,2,0,0,,0.0
417,主治医师,上海,1,0,2,0,1,小儿脑血管病                        小儿脑血管病发病率不高，但专职医师更少，本专栏为全国脑血管病的患儿提供一个咨询的平台。,0.0
418,住院医师,安阳,0,0,0,0,0,,0.0
419,主治医师,鹤岗,0,0,0,0,0,,0.0
420,主治医师,兰州,1,0,2,0,0,,0.0
421,住院医师,菏泽,0,0,0,0,0,,0.0
422,主治医师,安阳,0,0,0,0,0,,0.0
423,副主任医师,青岛,1,0,1,0,0,,0.0
424,主治医师,深圳,0,0,0,0,0,,0.0
425,住院医师,郑州,0,0,0,0,0,欢迎词                        儿童的心律失常没有引起家长及普通医生的重视，且相关方面的专业医生寥寥无几。目前：一些孩子因心动过速发作而烦躁不安，或因心动过缓而精神不振；一些孩子感冒后被盖上“病毒性心肌炎”的大帽子，而真正的心肌炎却被漏诊、误诊；先天性心脏病术前、术后的心...律失常问题也向医生提出了挑战！今天，一位致力于小儿心律失常专业的医生来了，希望能在最大程度上给可爱的孩子们提供帮助。                                        展开 >>,0.0
426,副主任医师 副教授,广州,1,0,0,0,0,,0.0
427,主任医师,宜昌,0,0,0,0,0,,0.0
428,主治医师,阳江,0,0,0,0,0,,0.0
429,住院医师,淮南,0,0,2,0,0,,0.0
430,副主任医师 副教授,北京,1,0,1,0,0,,0.0
431,主治医师 研究员,临沂,0,0,0,0,0,,0.0
432,副主任医师,通化,1,0,2,0,0,,0.0
433,主治医师,桂林,1,0,0,0,0,,0.0
434,副主任医师,济南,0,0,0,0,0,,0.0
435,主治医师,杭州,0,0,1,0,0,,0.0
436,副主任医师,广州,1,0,0,0,0,,0.0
437,主治医师 讲师,成都,1,0,1,0,0,,0.0
438,主治医师,南宁,0,0,0,0,0,,0.0
439,副主任医师,北京,1,0,1,0,0,,0.0
440,副主任医师,南宁,1,0,0,0,0,,0.0
441,主治医师,哈尔滨,1,0,0,0,0,,0.0
442,主治医师,广州,0,0,0,0,0,,0.0
443,副主任医师 副教授,承德,1,0,0,0,0,,0.0
444,主治医师,上海,0,0,1,0,0,,0.0
445,主治医师,青岛,0,0,3,0,0,,0.0
446,副主任医师,安阳,1,0,0,0,0,,0.0
447,主治医师,成都,0,0,0,0,0,,0.0
448,副主任医师 副教授,武汉,1,0,0,0,0,,0.0
449,主任医师,抚顺,1,0,0,0,0,,0.0
450,副主任医师,赣州,0,0,0,0,0,,0.0
451,主任医师 教授,石家庄,1,0,10,1,0,,0.0
452,主治医师,安阳,0,0,0,0,0,,0.0
453,主任医师 教授,安阳,1,0,6,1,0,,0.0
